"ZIP_CODE","PO_NAME","STATE","ZIP_TYPE","ZCTA","zip_join_type"
"20041","Washington","VA","ZIP Code Area","20151","Spatial join to ZCTA"
"20069","Washington","VA","Post Office or large volume customer","22031","Spatial join to ZCTA"
"20070","Washington","VA","Post Office or large volume customer","22031","Spatial join to ZCTA"
"20101","Dulles","VA","Post Office or large volume customer","20166","Spatial join to ZCTA"
"20102","Dulles","VA","Post Office or large volume customer","20166","Spatial join to ZCTA"
"20103","Dulles","VA","Post Office or large volume customer","20166","Spatial join to ZCTA"
"20104","Dulles","VA","Post Office or large volume customer","20166","Spatial join to ZCTA"
"20105","Aldie","VA","ZIP Code Area","20105","Zip Matches ZCTA"
"20106","Amissville","VA","ZIP Code Area","20106","Zip Matches ZCTA"
"20108","Manassas","VA","Post Office or large volume customer","20110","Spatial join to ZCTA"
"20109","Manassas","VA","ZIP Code Area","20109","Zip Matches ZCTA"
"20110","Manassas","VA","ZIP Code Area","20110","Zip Matches ZCTA"
"20111","Manassas","VA","ZIP Code Area","20111","Zip Matches ZCTA"
"20112","Manassas","VA","ZIP Code Area","20112","Zip Matches ZCTA"
"20113","Manassas","VA","Post Office or large volume customer","20111","Spatial join to ZCTA"
"20115","Marshall","VA","ZIP Code Area","20115","Zip Matches ZCTA"
"20116","Marshall","VA","Post Office or large volume customer","20115","Spatial join to ZCTA"
"20117","Middleburg","VA","ZIP Code Area","20117","Zip Matches ZCTA"
"20118","Middleburg","VA","Post Office or large volume customer","20118","Zip Matches ZCTA"
"20119","Catlett","VA","ZIP Code Area","20119","Zip Matches ZCTA"
"20120","Centreville","VA","ZIP Code Area","20120","Zip Matches ZCTA"
"20121","Centreville","VA","ZIP Code Area","20121","Zip Matches ZCTA"
"20122","Centreville","VA","Post Office or large volume customer","20120","Spatial join to ZCTA"
"20124","Clifton","VA","ZIP Code Area","20124","Zip Matches ZCTA"
"20128","Orlean","VA","Post Office or large volume customer","20115","Spatial join to ZCTA"
"20129","Paeonian Springs","VA","ZIP Code Area","20129","Zip Matches ZCTA"
"20130","Paris","VA","ZIP Code Area","20130","Zip Matches ZCTA"
"20131","Philomont","VA","Post Office or large volume customer","20132","Spatial join to ZCTA"
"20132","Purcellville","VA","ZIP Code Area","20132","Zip Matches ZCTA"
"20134","Purcellville","VA","Post Office or large volume customer","20132","Spatial join to ZCTA"
"20135","Bluemont","VA","ZIP Code Area","20135","Zip Matches ZCTA"
"20136","Bristow","VA","ZIP Code Area","20136","Zip Matches ZCTA"
"20137","Broad Run","VA","ZIP Code Area","20137","Zip Matches ZCTA"
"20138","Calverton","VA","Post Office or large volume customer","20119","Spatial join to ZCTA"
"20139","Casanova","VA","Post Office or large volume customer","20139","Zip Matches ZCTA"
"20140","Rectortown","VA","Post Office or large volume customer","20115","Spatial join to ZCTA"
"20141","Round Hill","VA","ZIP Code Area","20141","Zip Matches ZCTA"
"20142","Round Hill","VA","Post Office or large volume customer","20141","Spatial join to ZCTA"
"20143","Catharpin","VA","ZIP Code Area","20143","Zip Matches ZCTA"
"20144","Delaplane","VA","ZIP Code Area","20144","Zip Matches ZCTA"
"20146","Ashburn","VA","Post Office or large volume customer","20147","Spatial join to ZCTA"
"20147","Ashburn","VA","ZIP Code Area","20147","Zip Matches ZCTA"
"20148","Ashburn","VA","ZIP Code Area","20148","Zip Matches ZCTA"
"20149","Ashburn","VA","Post Office or large volume customer","20147","Spatial join to ZCTA"
"20151","Chantilly","VA","ZIP Code Area","20151","Zip Matches ZCTA"
"20152","Chantilly","VA","ZIP Code Area","20152","Zip Matches ZCTA"
"20153","Chantilly","VA","Post Office or large volume customer","20151","Spatial join to ZCTA"
"20155","Gainesville","VA","ZIP Code Area","20155","Zip Matches ZCTA"
"20156","Gainesville","VA","Post Office or large volume customer","20155","Spatial join to ZCTA"
"20158","Hamilton","VA","ZIP Code Area","20158","Zip Matches ZCTA"
"20159","Hamilton","VA","Post Office or large volume customer","20158","Spatial join to ZCTA"
"20160","Lincoln","VA","Post Office or large volume customer","20132","Spatial join to ZCTA"
"20163","Sterling","VA","Post Office or large volume customer","20164","Spatial join to ZCTA"
"20164","Sterling","VA","ZIP Code Area","20164","Zip Matches ZCTA"
"20165","Sterling","VA","ZIP Code Area","20165","Zip Matches ZCTA"
"20166","Sterling","VA","ZIP Code Area","20166","Zip Matches ZCTA"
"20167","Sterling","VA","Post Office or large volume customer","20164","Spatial join to ZCTA"
"20168","Haymarket","VA","Post Office or large volume customer","20169","Spatial join to ZCTA"
"20169","Haymarket","VA","ZIP Code Area","20169","Zip Matches ZCTA"
"20170","Herndon","VA","ZIP Code Area","20170","Zip Matches ZCTA"
"20171","Herndon","VA","ZIP Code Area","20171","Zip Matches ZCTA"
"20172","Herndon","VA","Post Office or large volume customer","20170","Spatial join to ZCTA"
"20175","Leesburg","VA","ZIP Code Area","20175","Zip Matches ZCTA"
"20176","Leesburg","VA","ZIP Code Area","20176","Zip Matches ZCTA"
"20177","Leesburg","VA","Post Office or large volume customer","20175","Spatial join to ZCTA"
"20178","Leesburg","VA","Post Office or large volume customer","20175","Spatial join to ZCTA"
"20180","Lovettsville","VA","ZIP Code Area","20180","Zip Matches ZCTA"
"20181","Nokesville","VA","ZIP Code Area","20181","Zip Matches ZCTA"
"20182","Nokesville","VA","Post Office or large volume customer","20181","Spatial join to ZCTA"
"20184","Upperville","VA","ZIP Code Area","20184","Zip Matches ZCTA"
"20185","Upperville","VA","Post Office or large volume customer","20184","Spatial join to ZCTA"
"20186","Warrenton","VA","ZIP Code Area","20186","Zip Matches ZCTA"
"20187","Warrenton","VA","ZIP Code Area","20187","Zip Matches ZCTA"
"20188","Warrenton","VA","Post Office or large volume customer","20186","Spatial join to ZCTA"
"20189","Dulles","VA","Post Office or large volume customer","20166","Spatial join to ZCTA"
"20190","Reston","VA","ZIP Code Area","20190","Zip Matches ZCTA"
"20191","Reston","VA","ZIP Code Area","20191","Zip Matches ZCTA"
"20192","Herndon","VA","ZIP Code Area","20191","Spatial join to ZCTA"
"20194","Reston","VA","ZIP Code Area","20194","Zip Matches ZCTA"
"20195","Reston","VA","Post Office or large volume customer","20190","Spatial join to ZCTA"
"20196","Reston","VA","Post Office or large volume customer","20191","Spatial join to ZCTA"
"20197","Waterford","VA","ZIP Code Area","20197","Zip Matches ZCTA"
"20198","The Plains","VA","ZIP Code Area","20198","Zip Matches ZCTA"
"20206","Washington","VA","Post Office or large volume customer","22302","Spatial join to ZCTA"
"20301","Washington","VA","Post Office or large volume customer","22202","Spatial join to ZCTA"
"20310","Washington","VA","Post Office or large volume customer","22202","Spatial join to ZCTA"
"20330","Washington","VA","Post Office or large volume customer","22202","Spatial join to ZCTA"
"20350","Washington","VA","Post Office or large volume customer","22202","Spatial join to ZCTA"
"20406","Washington","VA","Post Office or large volume customer","22202","Spatial join to ZCTA"
"20453","Washington","VA","Post Office or large volume customer","22202","Spatial join to ZCTA"
"20598","DHS","VA","Post Office or large volume customer","22041","Spatial join to ZCTA"
"22003","Annandale","VA","ZIP Code Area","22003","Zip Matches ZCTA"
"22009","Burke","VA","Post Office or large volume customer","22015","Spatial join to ZCTA"
"22015","Burke","VA","ZIP Code Area","22015","Zip Matches ZCTA"
"22025","Dumfries","VA","ZIP Code Area","22025","Zip Matches ZCTA"
"22026","Dumfries","VA","ZIP Code Area","22026","Zip Matches ZCTA"
"22027","Dunn Loring","VA","ZIP Code Area","22027","Zip Matches ZCTA"
"22030","Fairfax","VA","ZIP Code Area","22030","Zip Matches ZCTA"
"22031","Fairfax","VA","ZIP Code Area","22031","Zip Matches ZCTA"
"22032","Fairfax","VA","ZIP Code Area","22032","Zip Matches ZCTA"
"22033","Fairfax","VA","ZIP Code Area","22033","Zip Matches ZCTA"
"22034","Fairfax","VA","Post Office or large volume customer","22042","Spatial join to ZCTA"
"22035","Fairfax","VA","Post Office or large volume customer","22035","Zip Matches ZCTA"
"22036","Fairfax","VA","Post Office or large volume customer","22042","Spatial join to ZCTA"
"22037","Fairfax","VA","Post Office or large volume customer","22042","Spatial join to ZCTA"
"22038","Fairfax","VA","Post Office or large volume customer","22030","Spatial join to ZCTA"
"22039","Fairfax Station","VA","ZIP Code Area","22039","Zip Matches ZCTA"
"22040","Falls Church","VA","Post Office or large volume customer","22046","Spatial join to ZCTA"
"22041","Falls Church","VA","ZIP Code Area","22041","Zip Matches ZCTA"
"22042","Falls Church","VA","ZIP Code Area","22042","Zip Matches ZCTA"
"22043","Falls Church","VA","ZIP Code Area","22043","Zip Matches ZCTA"
"22044","Falls Church","VA","ZIP Code Area","22044","Zip Matches ZCTA"
"22046","Falls Church","VA","ZIP Code Area","22046","Zip Matches ZCTA"
"22060","Fort Belvoir","VA","ZIP Code Area","22060","Zip Matches ZCTA"
"22066","Great Falls","VA","ZIP Code Area","22066","Zip Matches ZCTA"
"22067","Greenway","VA","ZIP Code Area","22102","Spatial join to ZCTA"
"22079","Lorton","VA","ZIP Code Area","22079","Zip Matches ZCTA"
"22081","Merrifield","VA","Post Office or large volume customer","22031","Spatial join to ZCTA"
"22082","Merrifield","VA","Post Office or large volume customer","22031","Spatial join to ZCTA"
"22095","Herndon","VA","Post Office or large volume customer","20170","Spatial join to ZCTA"
"22096","Reston","VA","Post Office or large volume customer","20170","Spatial join to ZCTA"
"22101","Mc Lean","VA","ZIP Code Area","22101","Zip Matches ZCTA"
"22102","Mc Lean","VA","ZIP Code Area","22102","Zip Matches ZCTA"
"22103","West McLean","VA","Post Office or large volume customer","22102","Spatial join to ZCTA"
"22106","Mc Lean","VA","Post Office or large volume customer","22101","Spatial join to ZCTA"
"22107","Mc Lean","VA","Post Office or large volume customer","22102","Spatial join to ZCTA"
"22108","Mc Lean","VA","Post Office or large volume customer","22102","Spatial join to ZCTA"
"22109","Mc Lean","VA","Post Office or large volume customer","22102","Spatial join to ZCTA"
"22116","Merrifield","VA","Post Office or large volume customer","22031","Spatial join to ZCTA"
"22118","Merrifield","VA","Post Office or large volume customer","22031","Spatial join to ZCTA"
"22119","Merrifield","VA","Post Office or large volume customer","22031","Spatial join to ZCTA"
"22121","Mount Vernon","VA","Post Office or large volume customer","22309","Spatial join to ZCTA"
"22122","Newington","VA","Post Office or large volume customer","22079","Spatial join to ZCTA"
"22124","Oakton","VA","ZIP Code Area","22124","Zip Matches ZCTA"
"22125","Occoquan","VA","ZIP Code Area","22125","Zip Matches ZCTA"
"22134","Quantico","VA","ZIP Code Area","22134","Zip Matches ZCTA"
"22135","Quantico","VA","Post Office or large volume customer","22134","Spatial join to ZCTA"
"22150","Springfield","VA","ZIP Code Area","22150","Zip Matches ZCTA"
"22151","Springfield","VA","ZIP Code Area","22151","Zip Matches ZCTA"
"22152","Springfield","VA","ZIP Code Area","22152","Zip Matches ZCTA"
"22153","Springfield","VA","ZIP Code Area","22153","Zip Matches ZCTA"
"22156","Springfield","VA","Post Office or large volume customer","22150","Spatial join to ZCTA"
"22158","Springfield","VA","Post Office or large volume customer","22151","Spatial join to ZCTA"
"22159","Springfield","VA","Post Office or large volume customer","22151","Spatial join to ZCTA"
"22160","Springfield","VA","Post Office or large volume customer","22151","Spatial join to ZCTA"
"22161","Springfield","VA","Post Office or large volume customer","22151","Spatial join to ZCTA"
"22172","Triangle","VA","ZIP Code Area","22172","Zip Matches ZCTA"
"22180","Vienna","VA","ZIP Code Area","22180","Zip Matches ZCTA"
"22181","Vienna","VA","ZIP Code Area","22181","Zip Matches ZCTA"
"22182","Vienna","VA","ZIP Code Area","22182","Zip Matches ZCTA"
"22183","Vienna","VA","Post Office or large volume customer","22180","Spatial join to ZCTA"
"22185","Vienna","VA","Post Office or large volume customer","22185","Zip Matches ZCTA"
"22191","Woodbridge","VA","ZIP Code Area","22191","Zip Matches ZCTA"
"22192","Woodbridge","VA","ZIP Code Area","22192","Zip Matches ZCTA"
"22193","Woodbridge","VA","ZIP Code Area","22193","Zip Matches ZCTA"
"22194","Woodbridge","VA","Post Office or large volume customer","22191","Spatial join to ZCTA"
"22195","Woodbridge","VA","Post Office or large volume customer","22193","Spatial join to ZCTA"
"22199","Lorton","VA","Post Office or large volume customer","22079","Spatial join to ZCTA"
"22201","Arlington","VA","ZIP Code Area","22201","Zip Matches ZCTA"
"22202","Arlington","VA","ZIP Code Area","22202","Zip Matches ZCTA"
"22203","Arlington","VA","ZIP Code Area","22203","Zip Matches ZCTA"
"22204","Arlington","VA","ZIP Code Area","22204","Zip Matches ZCTA"
"22205","Arlington","VA","ZIP Code Area","22205","Zip Matches ZCTA"
"22206","Arlington","VA","ZIP Code Area","22206","Zip Matches ZCTA"
"22207","Arlington","VA","ZIP Code Area","22207","Zip Matches ZCTA"
"22209","Arlington","VA","ZIP Code Area","22209","Zip Matches ZCTA"
"22210","Arlington","VA","Post Office or large volume customer","22201","Spatial join to ZCTA"
"22211","Fort Myer","VA","ZIP Code Area","22211","Zip Matches ZCTA"
"22212","Arlington","VA","Post Office or large volume customer","22211","Spatial join to ZCTA"
"22213","Arlington","VA","ZIP Code Area","22213","Zip Matches ZCTA"
"22214","Arlington","VA","Post Office or large volume customer","22214","Zip Matches ZCTA"
"22215","Arlington","VA","Post Office or large volume customer","22202","Spatial join to ZCTA"
"22216","Arlington","VA","Post Office or large volume customer","22201","Spatial join to ZCTA"
"22217","Arlington","VA","Post Office or large volume customer","22203","Spatial join to ZCTA"
"22219","Arlington","VA","Post Office or large volume customer","22209","Spatial join to ZCTA"
"22225","Arlington","VA","Post Office or large volume customer","22201","Spatial join to ZCTA"
"22226","Arlington","VA","Post Office or large volume customer","22201","Spatial join to ZCTA"
"22227","Arlington","VA","Post Office or large volume customer","22202","Spatial join to ZCTA"
"22230","Arlington","VA","Post Office or large volume customer","22203","Spatial join to ZCTA"
"22240","Arlington","VA","Post Office or large volume customer","22202","Spatial join to ZCTA"
"22241","Arlington","VA","Post Office or large volume customer","22201","Spatial join to ZCTA"
"22242","Arlington","VA","Post Office or large volume customer","22202","Spatial join to ZCTA"
"22243","Arlington","VA","Post Office or large volume customer","22202","Spatial join to ZCTA"
"22244","Arlington","VA","Post Office or large volume customer","22202","Spatial join to ZCTA"
"22245","Arlington","VA","Post Office or large volume customer","22202","Spatial join to ZCTA"
"22246","Arlington","VA","Post Office or large volume customer","22202","Spatial join to ZCTA"
"22301","Alexandria","VA","ZIP Code Area","22301","Zip Matches ZCTA"
"22302","Alexandria","VA","ZIP Code Area","22302","Zip Matches ZCTA"
"22303","Alexandria","VA","ZIP Code Area","22303","Zip Matches ZCTA"
"22304","Alexandria","VA","ZIP Code Area","22304","Zip Matches ZCTA"
"22305","Alexandria","VA","ZIP Code Area","22305","Zip Matches ZCTA"
"22306","Alexandria","VA","ZIP Code Area","22306","Zip Matches ZCTA"
"22307","Alexandria","VA","ZIP Code Area","22307","Zip Matches ZCTA"
"22308","Alexandria","VA","ZIP Code Area","22308","Zip Matches ZCTA"
"22309","Alexandria","VA","ZIP Code Area","22309","Zip Matches ZCTA"
"22310","Alexandria","VA","ZIP Code Area","22310","Zip Matches ZCTA"
"22311","Alexandria","VA","ZIP Code Area","22311","Zip Matches ZCTA"
"22312","Alexandria","VA","ZIP Code Area","22312","Zip Matches ZCTA"
"22313","Alexandria","VA","Post Office or large volume customer","22314","Spatial join to ZCTA"
"22314","Alexandria","VA","ZIP Code Area","22314","Zip Matches ZCTA"
"22315","Alexandria","VA","ZIP Code Area","22315","Zip Matches ZCTA"
"22320","Alexandria","VA","Post Office or large volume customer","22314","Spatial join to ZCTA"
"22331","Alexandria","VA","Post Office or large volume customer","22314","Spatial join to ZCTA"
"22332","Alexandria","VA","Post Office or large volume customer","22314","Spatial join to ZCTA"
"22333","Alexandria","VA","Post Office or large volume customer","22304","Spatial join to ZCTA"
"22334","Alexandria","VA","Post Office or large volume customer","22314","Spatial join to ZCTA"
"22350","Alexandria","VA","Post Office or large volume customer","22311","Spatial join to ZCTA"
"22401","Fredericksburg","VA","ZIP Code Area","22401","Zip Matches ZCTA"
"22402","Fredericksburg","VA","Post Office or large volume customer","22401","Spatial join to ZCTA"
"22403","Fredericksburg","VA","Post Office or large volume customer","22406","Spatial join to ZCTA"
"22404","Fredericksburg","VA","Post Office or large volume customer","22401","Spatial join to ZCTA"
"22405","Fredericksburg","VA","ZIP Code Area","22405","Zip Matches ZCTA"
"22406","Fredericksburg","VA","ZIP Code Area","22406","Zip Matches ZCTA"
"22407","Fredericksburg","VA","ZIP Code Area","22407","Zip Matches ZCTA"
"22408","Fredericksburg","VA","ZIP Code Area","22408","Zip Matches ZCTA"
"22412","Fredericksburg","VA","Post Office or large volume customer","22406","Spatial join to ZCTA"
"22427","Bowling Green","VA","ZIP Code Area","22427","Zip Matches ZCTA"
"22428","Bowling Green","VA","Post Office or large volume customer","22427","Spatial join to ZCTA"
"22430","Brooke","VA","Post Office or large volume customer","22554","Spatial join to ZCTA"
"22432","Burgess","VA","ZIP Code Area","22432","Zip Matches ZCTA"
"22433","Burr Hill","VA","ZIP Code Area","22433","Zip Matches ZCTA"
"22435","Callao","VA","ZIP Code Area","22435","Zip Matches ZCTA"
"22436","Caret","VA","ZIP Code Area","22436","Zip Matches ZCTA"
"22437","Center Cross","VA","ZIP Code Area","22437","Zip Matches ZCTA"
"22438","Champlain","VA","ZIP Code Area","22438","Zip Matches ZCTA"
"22442","Coles Point","VA","Post Office or large volume customer","22469","Spatial join to ZCTA"
"22443","Colonial Beach","VA","ZIP Code Area","22443","Zip Matches ZCTA"
"22446","Corbin","VA","Post Office or large volume customer","22580","Spatial join to ZCTA"
"22448","Dahlgren","VA","ZIP Code Area","22448","Zip Matches ZCTA"
"22451","Dogue","VA","Post Office or large volume customer","22485","Spatial join to ZCTA"
"22454","Dunnsville","VA","ZIP Code Area","22454","Zip Matches ZCTA"
"22456","Edwardsville","VA","Post Office or large volume customer","22473","Spatial join to ZCTA"
"22460","Farnham","VA","ZIP Code Area","22460","Zip Matches ZCTA"
"22463","Garrisonville","VA","Post Office or large volume customer","22556","Spatial join to ZCTA"
"22469","Hague","VA","ZIP Code Area","22469","Zip Matches ZCTA"
"22471","Hartwood","VA","Post Office or large volume customer","22406","Spatial join to ZCTA"
"22472","Haynesville","VA","Post Office or large volume customer","22572","Spatial join to ZCTA"
"22473","Heathsville","VA","ZIP Code Area","22473","Zip Matches ZCTA"
"22476","Hustle","VA","ZIP Code Area","22476","Zip Matches ZCTA"
"22480","Irvington","VA","ZIP Code Area","22480","Zip Matches ZCTA"
"22481","Jersey","VA","Post Office or large volume customer","22485","Spatial join to ZCTA"
"22482","Kilmarnock","VA","ZIP Code Area","22482","Zip Matches ZCTA"
"22485","King George","VA","ZIP Code Area","22485","Zip Matches ZCTA"
"22488","Kinsale","VA","ZIP Code Area","22488","Zip Matches ZCTA"
"22501","Ladysmith","VA","Post Office or large volume customer","22546","Spatial join to ZCTA"
"22503","Lancaster","VA","ZIP Code Area","22503","Zip Matches ZCTA"
"22504","Laneview","VA","ZIP Code Area","22504","Zip Matches ZCTA"
"22507","Lively","VA","Post Office or large volume customer","22503","Spatial join to ZCTA"
"22508","Locust Grove","VA","ZIP Code Area","22508","Zip Matches ZCTA"
"22509","Loretto","VA","ZIP Code Area","22509","Zip Matches ZCTA"
"22511","Lottsburg","VA","ZIP Code Area","22511","Zip Matches ZCTA"
"22513","Merry Point","VA","Post Office or large volume customer","22503","Spatial join to ZCTA"
"22514","Milford","VA","ZIP Code Area","22514","Zip Matches ZCTA"
"22517","Mollusk","VA","Post Office or large volume customer","22503","Spatial join to ZCTA"
"22520","Montross","VA","ZIP Code Area","22520","Zip Matches ZCTA"
"22523","Morattico","VA","Post Office or large volume customer","22503","Spatial join to ZCTA"
"22524","Mount Holly","VA","Post Office or large volume customer","22520","Spatial join to ZCTA"
"22526","Ninde","VA","Post Office or large volume customer","22485","Spatial join to ZCTA"
"22528","Nuttsville","VA","Post Office or large volume customer","22503","Spatial join to ZCTA"
"22529","Oldhams","VA","Post Office or large volume customer","22529","Zip Matches ZCTA"
"22530","Ophelia","VA","Post Office or large volume customer","22530","Zip Matches ZCTA"
"22534","Partlow","VA","ZIP Code Area","22534","Zip Matches ZCTA"
"22535","Port Royal","VA","ZIP Code Area","22535","Zip Matches ZCTA"
"22538","Rappahannock Academy","VA","ZIP Code Area","22538","Zip Matches ZCTA"
"22539","Reedville","VA","ZIP Code Area","22539","Zip Matches ZCTA"
"22542","Rhoadesville","VA","ZIP Code Area","22542","Zip Matches ZCTA"
"22544","Rollins Fork","VA","Post Office or large volume customer","22485","Spatial join to ZCTA"
"22545","Ruby","VA","Post Office or large volume customer","22556","Spatial join to ZCTA"
"22546","Ruther Glen","VA","ZIP Code Area","22546","Zip Matches ZCTA"
"22547","Sealston","VA","Post Office or large volume customer","22485","Spatial join to ZCTA"
"22548","Sharps","VA","Post Office or large volume customer","22548","Zip Matches ZCTA"
"22551","Spotsylvania","VA","ZIP Code Area","22551","Zip Matches ZCTA"
"22552","Sparta","VA","Post Office or large volume customer","22427","Spatial join to ZCTA"
"22553","Spotsylvania","VA","ZIP Code Area","22553","Zip Matches ZCTA"
"22554","Stafford","VA","ZIP Code Area","22554","Zip Matches ZCTA"
"22555","Stafford","VA","Post Office or large volume customer","22554","Spatial join to ZCTA"
"22556","Stafford","VA","ZIP Code Area","22556","Zip Matches ZCTA"
"22558","Stratford","VA","Post Office or large volume customer","22520","Spatial join to ZCTA"
"22560","Tappahannock","VA","ZIP Code Area","22560","Zip Matches ZCTA"
"22565","Thornburg","VA","Post Office or large volume customer","22551","Spatial join to ZCTA"
"22567","Unionville","VA","ZIP Code Area","22567","Zip Matches ZCTA"
"22570","Village","VA","Post Office or large volume customer","22435","Spatial join to ZCTA"
"22572","Warsaw","VA","ZIP Code Area","22572","Zip Matches ZCTA"
"22576","Weems","VA","ZIP Code Area","22576","Zip Matches ZCTA"
"22577","Sandy Point","VA","Post Office or large volume customer","22488","Spatial join to ZCTA"
"22578","White Stone","VA","ZIP Code Area","22578","Zip Matches ZCTA"
"22579","Wicomico Church","VA","Post Office or large volume customer","22579","Zip Matches ZCTA"
"22580","Woodford","VA","ZIP Code Area","22580","Zip Matches ZCTA"
"22581","Zacata","VA","Post Office or large volume customer","22520","Spatial join to ZCTA"
"22601","Winchester","VA","ZIP Code Area","22601","Zip Matches ZCTA"
"22602","Winchester","VA","ZIP Code Area","22602","Zip Matches ZCTA"
"22603","Winchester","VA","ZIP Code Area","22603","Zip Matches ZCTA"
"22604","Winchester","VA","Post Office or large volume customer","22601","Spatial join to ZCTA"
"22610","Bentonville","VA","ZIP Code Area","22610","Zip Matches ZCTA"
"22611","Berryville","VA","ZIP Code Area","22611","Zip Matches ZCTA"
"22620","Boyce","VA","ZIP Code Area","22620","Zip Matches ZCTA"
"22622","Brucetown","VA","Post Office or large volume customer","22624","Spatial join to ZCTA"
"22623","Chester Gap","VA","ZIP Code Area","22623","Zip Matches ZCTA"
"22624","Clear Brook","VA","ZIP Code Area","22624","Zip Matches ZCTA"
"22625","Cross Junction","VA","ZIP Code Area","22625","Zip Matches ZCTA"
"22626","Fishers Hill","VA","Post Office or large volume customer","22657","Spatial join to ZCTA"
"22627","Flint Hill","VA","ZIP Code Area","22627","Zip Matches ZCTA"
"22630","Front Royal","VA","ZIP Code Area","22630","Zip Matches ZCTA"
"22637","Gore","VA","ZIP Code Area","22637","Zip Matches ZCTA"
"22639","Hume","VA","ZIP Code Area","22639","Zip Matches ZCTA"
"22640","Huntly","VA","ZIP Code Area","22640","Zip Matches ZCTA"
"22641","Strasburg","VA","ZIP Code Area","22641","Zip Matches ZCTA"
"22642","Linden","VA","ZIP Code Area","22642","Zip Matches ZCTA"
"22643","Markham","VA","ZIP Code Area","22643","Zip Matches ZCTA"
"22644","Maurertown","VA","ZIP Code Area","22644","Zip Matches ZCTA"
"22645","Middletown","VA","ZIP Code Area","22645","Zip Matches ZCTA"
"22646","Millwood","VA","Post Office or large volume customer","22646","Zip Matches ZCTA"
"22649","Middletown","VA","ZIP Code Area","22645","Spatial join to ZCTA"
"22650","Rileyville","VA","ZIP Code Area","22650","Zip Matches ZCTA"
"22652","Fort Valley","VA","ZIP Code Area","22652","Zip Matches ZCTA"
"22654","Star Tannery","VA","ZIP Code Area","22654","Zip Matches ZCTA"
"22655","Stephens City","VA","ZIP Code Area","22655","Zip Matches ZCTA"
"22656","Stephenson","VA","ZIP Code Area","22656","Zip Matches ZCTA"
"22657","Strasburg","VA","ZIP Code Area","22657","Zip Matches ZCTA"
"22660","Toms Brook","VA","ZIP Code Area","22660","Zip Matches ZCTA"
"22663","White Post","VA","ZIP Code Area","22663","Zip Matches ZCTA"
"22664","Woodstock","VA","ZIP Code Area","22664","Zip Matches ZCTA"
"22701","Culpeper","VA","ZIP Code Area","22701","Zip Matches ZCTA"
"22709","Aroda","VA","ZIP Code Area","22709","Zip Matches ZCTA"
"22711","Banco","VA","ZIP Code Area","22711","Zip Matches ZCTA"
"22712","Bealeton","VA","ZIP Code Area","22712","Zip Matches ZCTA"
"22713","Boston","VA","ZIP Code Area","22713","Zip Matches ZCTA"
"22714","Brandy Station","VA","ZIP Code Area","22714","Zip Matches ZCTA"
"22715","Brightwood","VA","ZIP Code Area","22715","Zip Matches ZCTA"
"22716","Castleton","VA","ZIP Code Area","22716","Zip Matches ZCTA"
"22718","Elkwood","VA","ZIP Code Area","22718","Zip Matches ZCTA"
"22719","Etlan","VA","ZIP Code Area","22719","Zip Matches ZCTA"
"22720","Goldvein","VA","ZIP Code Area","22720","Zip Matches ZCTA"
"22722","Haywood","VA","ZIP Code Area","22722","Zip Matches ZCTA"
"22723","Hood","VA","Post Office or large volume customer","22723","Zip Matches ZCTA"
"22724","Jeffersonton","VA","ZIP Code Area","22724","Zip Matches ZCTA"
"22725","Leon","VA","ZIP Code Area","22735","Spatial join to ZCTA"
"22726","Lignum","VA","ZIP Code Area","22726","Zip Matches ZCTA"
"22727","Madison","VA","ZIP Code Area","22727","Zip Matches ZCTA"
"22728","Midland","VA","ZIP Code Area","22728","Zip Matches ZCTA"
"22729","Mitchells","VA","ZIP Code Area","22729","Zip Matches ZCTA"
"22730","Oakpark","VA","ZIP Code Area","22730","Zip Matches ZCTA"
"22731","Pratts","VA","ZIP Code Area","22731","Zip Matches ZCTA"
"22732","Radiant","VA","ZIP Code Area","22732","Zip Matches ZCTA"
"22733","Rapidan","VA","ZIP Code Area","22733","Zip Matches ZCTA"
"22734","Remington","VA","ZIP Code Area","22734","Zip Matches ZCTA"
"22735","Reva","VA","ZIP Code Area","22735","Zip Matches ZCTA"
"22736","Richardsville","VA","ZIP Code Area","22736","Zip Matches ZCTA"
"22737","Rixeyville","VA","ZIP Code Area","22737","Zip Matches ZCTA"
"22738","Rochelle","VA","ZIP Code Area","22738","Zip Matches ZCTA"
"22739","Somerville","VA","Post Office or large volume customer","22728","Spatial join to ZCTA"
"22740","Sperryville","VA","ZIP Code Area","22740","Zip Matches ZCTA"
"22741","Stevensburg","VA","ZIP Code Area","22741","Zip Matches ZCTA"
"22742","Sumerduck","VA","ZIP Code Area","22742","Zip Matches ZCTA"
"22743","Syria","VA","ZIP Code Area","22743","Zip Matches ZCTA"
"22746","Viewtown","VA","Post Office or large volume customer","20106","Spatial join to ZCTA"
"22747","Washington","VA","ZIP Code Area","22747","Zip Matches ZCTA"
"22748","Wolftown","VA","Post Office or large volume customer","22727","Spatial join to ZCTA"
"22749","Woodville","VA","ZIP Code Area","22749","Zip Matches ZCTA"
"22801","Harrisonburg","VA","ZIP Code Area","22801","Zip Matches ZCTA"
"22802","Harrisonburg","VA","ZIP Code Area","22802","Zip Matches ZCTA"
"22803","Harrisonburg","VA","Post Office or large volume customer","22802","Spatial join to ZCTA"
"22807","Harrisonburg","VA","ZIP Code Area","22807","Zip Matches ZCTA"
"22810","Basye","VA","ZIP Code Area","22810","Zip Matches ZCTA"
"22811","Bergton","VA","ZIP Code Area","22811","Zip Matches ZCTA"
"22812","Bridgewater","VA","ZIP Code Area","22812","Zip Matches ZCTA"
"22815","Broadway","VA","ZIP Code Area","22815","Zip Matches ZCTA"
"22820","Criders","VA","ZIP Code Area","22820","Zip Matches ZCTA"
"22821","Dayton","VA","ZIP Code Area","22821","Zip Matches ZCTA"
"22824","Edinburg","VA","ZIP Code Area","22824","Zip Matches ZCTA"
"22827","Elkton","VA","ZIP Code Area","22827","Zip Matches ZCTA"
"22830","Fulks Run","VA","ZIP Code Area","22830","Zip Matches ZCTA"
"22831","Hinton","VA","ZIP Code Area","22831","Zip Matches ZCTA"
"22832","Keezletown","VA","ZIP Code Area","22832","Zip Matches ZCTA"
"22833","Lacey Spring","VA","Post Office or large volume customer","22802","Spatial join to ZCTA"
"22834","Linville","VA","ZIP Code Area","22834","Zip Matches ZCTA"
"22835","Luray","VA","ZIP Code Area","22835","Zip Matches ZCTA"
"22840","Mc Gaheysville","VA","ZIP Code Area","22840","Zip Matches ZCTA"
"22841","Mount Crawford","VA","ZIP Code Area","22841","Zip Matches ZCTA"
"22842","Mount Jackson","VA","ZIP Code Area","22842","Zip Matches ZCTA"
"22843","Mount Solon","VA","ZIP Code Area","22843","Zip Matches ZCTA"
"22844","New Market","VA","ZIP Code Area","22844","Zip Matches ZCTA"
"22845","Orkney Springs","VA","ZIP Code Area","22845","Zip Matches ZCTA"
"22846","Penn Laird","VA","ZIP Code Area","22846","Zip Matches ZCTA"
"22847","Quicksburg","VA","ZIP Code Area","22847","Zip Matches ZCTA"
"22848","Pleasant Valley","VA","Post Office or large volume customer","22801","Spatial join to ZCTA"
"22849","Shenandoah","VA","ZIP Code Area","22849","Zip Matches ZCTA"
"22850","Singers Glen","VA","ZIP Code Area","22850","Zip Matches ZCTA"
"22851","Stanley","VA","ZIP Code Area","22851","Zip Matches ZCTA"
"22853","Timberville","VA","ZIP Code Area","22853","Zip Matches ZCTA"
"22901","Charlottesville","VA","ZIP Code Area","22901","Zip Matches ZCTA"
"22902","Charlottesville","VA","ZIP Code Area","22902","Zip Matches ZCTA"
"22903","Charlottesville","VA","ZIP Code Area","22903","Zip Matches ZCTA"
"22904","Charlottesville","VA","ZIP Code Area","22904","Zip Matches ZCTA"
"22905","Charlottesville","VA","Post Office or large volume customer","22903","Spatial join to ZCTA"
"22906","Charlottesville","VA","Post Office or large volume customer","22901","Spatial join to ZCTA"
"22907","Charlottesville","VA","Post Office or large volume customer","22901","Spatial join to ZCTA"
"22908","Charlottesville","VA","Post Office or large volume customer","22903","Spatial join to ZCTA"
"22909","Charlottesville","VA","Post Office or large volume customer","22911","Spatial join to ZCTA"
"22910","Charlottesville","VA","Post Office or large volume customer","22903","Spatial join to ZCTA"
"22911","Charlottesville","VA","ZIP Code Area","22911","Zip Matches ZCTA"
"22920","Afton","VA","ZIP Code Area","22920","Zip Matches ZCTA"
"22922","Arrington","VA","ZIP Code Area","22922","Zip Matches ZCTA"
"22923","Barboursville","VA","ZIP Code Area","22923","Zip Matches ZCTA"
"22924","Batesville","VA","Post Office or large volume customer","22920","Spatial join to ZCTA"
"22931","Covesville","VA","ZIP Code Area","22931","Zip Matches ZCTA"
"22932","Crozet","VA","ZIP Code Area","22932","Zip Matches ZCTA"
"22935","Dyke","VA","ZIP Code Area","22935","Zip Matches ZCTA"
"22936","Earlysville","VA","ZIP Code Area","22936","Zip Matches ZCTA"
"22937","Esmont","VA","ZIP Code Area","22937","Zip Matches ZCTA"
"22938","Faber","VA","ZIP Code Area","22938","Zip Matches ZCTA"
"22939","Fishersville","VA","ZIP Code Area","22939","Zip Matches ZCTA"
"22940","Free Union","VA","ZIP Code Area","22940","Zip Matches ZCTA"
"22942","Gordonsville","VA","ZIP Code Area","22942","Zip Matches ZCTA"
"22943","Greenwood","VA","ZIP Code Area","22943","Zip Matches ZCTA"
"22945","Ivy","VA","Post Office or large volume customer","22901","Spatial join to ZCTA"
"22946","Keene","VA","ZIP Code Area","22946","Zip Matches ZCTA"
"22947","Keswick","VA","ZIP Code Area","22947","Zip Matches ZCTA"
"22948","Locust Dale","VA","ZIP Code Area","22948","Zip Matches ZCTA"
"22949","Lovingston","VA","ZIP Code Area","22949","Zip Matches ZCTA"
"22952","Lyndhurst","VA","ZIP Code Area","22952","Zip Matches ZCTA"
"22957","Montpelier Station","VA","Post Office or large volume customer","22960","Spatial join to ZCTA"
"22958","Nellysford","VA","ZIP Code Area","22958","Zip Matches ZCTA"
"22959","North Garden","VA","ZIP Code Area","22959","Zip Matches ZCTA"
"22960","Orange","VA","ZIP Code Area","22960","Zip Matches ZCTA"
"22963","Palmyra","VA","ZIP Code Area","22963","Zip Matches ZCTA"
"22964","Piney River","VA","ZIP Code Area","22964","Zip Matches ZCTA"
"22965","Quinque","VA","Post Office or large volume customer","22968","Spatial join to ZCTA"
"22967","Roseland","VA","ZIP Code Area","22967","Zip Matches ZCTA"
"22968","Ruckersville","VA","ZIP Code Area","22968","Zip Matches ZCTA"
"22969","Schuyler","VA","ZIP Code Area","22969","Zip Matches ZCTA"
"22971","Shipman","VA","ZIP Code Area","22971","Zip Matches ZCTA"
"22972","Somerset","VA","ZIP Code Area","22972","Zip Matches ZCTA"
"22973","Stanardsville","VA","ZIP Code Area","22973","Zip Matches ZCTA"
"22974","Troy","VA","ZIP Code Area","22974","Zip Matches ZCTA"
"22976","Tyro","VA","ZIP Code Area","22976","Zip Matches ZCTA"
"22980","Waynesboro","VA","ZIP Code Area","22980","Zip Matches ZCTA"
"22987","White Hall","VA","Post Office or large volume customer","22901","Spatial join to ZCTA"
"22989","Woodberry Forest","VA","Post Office or large volume customer","22989","Zip Matches ZCTA"
"23001","Achilles","VA","Post Office or large volume customer","23072","Spatial join to ZCTA"
"23002","Amelia Court House","VA","ZIP Code Area","23002","Zip Matches ZCTA"
"23003","Ark","VA","Post Office or large volume customer","23061","Spatial join to ZCTA"
"23004","Arvonia","VA","ZIP Code Area","23004","Zip Matches ZCTA"
"23005","Ashland","VA","ZIP Code Area","23005","Zip Matches ZCTA"
"23009","Aylett","VA","ZIP Code Area","23009","Zip Matches ZCTA"
"23011","Barhamsville","VA","ZIP Code Area","23011","Zip Matches ZCTA"
"23014","Beaumont","VA","Post Office or large volume customer","23063","Spatial join to ZCTA"
"23015","Beaverdam","VA","ZIP Code Area","23015","Zip Matches ZCTA"
"23018","Bena","VA","Post Office or large volume customer","23072","Spatial join to ZCTA"
"23021","Bohannon","VA","ZIP Code Area","23021","Zip Matches ZCTA"
"23022","Bremo Bluff","VA","ZIP Code Area","23022","Zip Matches ZCTA"
"23023","Bruington","VA","ZIP Code Area","23023","Zip Matches ZCTA"
"23024","Bumpass","VA","ZIP Code Area","23024","Zip Matches ZCTA"
"23025","Cardinal","VA","ZIP Code Area","23025","Zip Matches ZCTA"
"23027","Cartersville","VA","ZIP Code Area","23027","Zip Matches ZCTA"
"23030","Charles City","VA","ZIP Code Area","23030","Zip Matches ZCTA"
"23031","Christchurch","VA","Post Office or large volume customer","23149","Spatial join to ZCTA"
"23032","Church View","VA","ZIP Code Area","23032","Zip Matches ZCTA"
"23035","Cobbs Creek","VA","ZIP Code Area","23035","Zip Matches ZCTA"
"23038","Columbia","VA","ZIP Code Area","23038","Zip Matches ZCTA"
"23039","Crozier","VA","ZIP Code Area","23039","Zip Matches ZCTA"
"23040","Cumberland","VA","ZIP Code Area","23040","Zip Matches ZCTA"
"23043","Deltaville","VA","ZIP Code Area","23043","Zip Matches ZCTA"
"23045","Diggs","VA","ZIP Code Area","23045","Zip Matches ZCTA"
"23047","Doswell","VA","ZIP Code Area","23047","Zip Matches ZCTA"
"23050","Dutton","VA","ZIP Code Area","23050","Zip Matches ZCTA"
"23055","Fork Union","VA","ZIP Code Area","23055","Zip Matches ZCTA"
"23056","Foster","VA","ZIP Code Area","23056","Zip Matches ZCTA"
"23058","Glen Allen","VA","Post Office or large volume customer","23060","Spatial join to ZCTA"
"23059","Glen Allen","VA","ZIP Code Area","23059","Zip Matches ZCTA"
"23060","Glen Allen","VA","ZIP Code Area","23060","Zip Matches ZCTA"
"23061","Gloucester","VA","ZIP Code Area","23061","Zip Matches ZCTA"
"23062","Gloucester Point","VA","ZIP Code Area","23062","Zip Matches ZCTA"
"23063","Goochland","VA","ZIP Code Area","23063","Zip Matches ZCTA"
"23064","Grimstead","VA","Post Office or large volume customer","23064","Zip Matches ZCTA"
"23065","Gum Spring","VA","ZIP Code Area","23065","Zip Matches ZCTA"
"23066","Gwynn","VA","ZIP Code Area","23066","Zip Matches ZCTA"
"23067","Hadensville","VA","Post Office or large volume customer","23093","Spatial join to ZCTA"
"23068","Hallieford","VA","Post Office or large volume customer","23068","Zip Matches ZCTA"
"23069","Hanover","VA","ZIP Code Area","23069","Zip Matches ZCTA"
"23070","Hardyville","VA","ZIP Code Area","23070","Zip Matches ZCTA"
"23071","Hartfield","VA","ZIP Code Area","23071","Zip Matches ZCTA"
"23072","Hayes","VA","ZIP Code Area","23072","Zip Matches ZCTA"
"23075","Henrico","VA","ZIP Code Area","23075","Zip Matches ZCTA"
"23076","Hudgins","VA","ZIP Code Area","23076","Zip Matches ZCTA"
"23079","Jamaica","VA","ZIP Code Area","23079","Zip Matches ZCTA"
"23081","Jamestown","VA","Post Office or large volume customer","23185","Spatial join to ZCTA"
"23083","Jetersville","VA","ZIP Code Area","23083","Zip Matches ZCTA"
"23084","Kents Store","VA","ZIP Code Area","23084","Zip Matches ZCTA"
"23085","King and Queen Court House","VA","ZIP Code Area","23085","Zip Matches ZCTA"
"23086","King William","VA","ZIP Code Area","23086","Zip Matches ZCTA"
"23089","Lanexa","VA","ZIP Code Area","23089","Zip Matches ZCTA"
"23090","Lightfoot","VA","Post Office or large volume customer","23188","Spatial join to ZCTA"
"23091","Little Plymouth","VA","ZIP Code Area","23091","Zip Matches ZCTA"
"23092","Locust Hill","VA","ZIP Code Area","23092","Zip Matches ZCTA"
"23093","Louisa","VA","ZIP Code Area","23093","Zip Matches ZCTA"
"23102","Maidens","VA","ZIP Code Area","23102","Zip Matches ZCTA"
"23103","Manakin Sabot","VA","ZIP Code Area","23103","Zip Matches ZCTA"
"23105","Mannboro","VA","Post Office or large volume customer","23002","Spatial join to ZCTA"
"23106","Manquin","VA","ZIP Code Area","23106","Zip Matches ZCTA"
"23107","Maryus","VA","Post Office or large volume customer","23072","Spatial join to ZCTA"
"23108","Mascot","VA","ZIP Code Area","23108","Zip Matches ZCTA"
"23109","Mathews","VA","ZIP Code Area","23109","Zip Matches ZCTA"
"23110","Mattaponi","VA","ZIP Code Area","23110","Zip Matches ZCTA"
"23111","Mechanicsville","VA","ZIP Code Area","23111","Zip Matches ZCTA"
"23112","Midlothian","VA","ZIP Code Area","23112","Zip Matches ZCTA"
"23113","Midlothian","VA","ZIP Code Area","23113","Zip Matches ZCTA"
"23114","Midlothian","VA","ZIP Code Area","23114","Zip Matches ZCTA"
"23115","Millers Tavern","VA","Post Office or large volume customer","23115","Zip Matches ZCTA"
"23116","Mechanicsville","VA","ZIP Code Area","23116","Zip Matches ZCTA"
"23117","Mineral","VA","ZIP Code Area","23117","Zip Matches ZCTA"
"23119","Moon","VA","ZIP Code Area","23119","Zip Matches ZCTA"
"23120","Moseley","VA","ZIP Code Area","23120","Zip Matches ZCTA"
"23123","New Canton","VA","ZIP Code Area","23123","Zip Matches ZCTA"
"23124","New Kent","VA","ZIP Code Area","23124","Zip Matches ZCTA"
"23125","New Point","VA","ZIP Code Area","23125","Zip Matches ZCTA"
"23126","Newtown","VA","ZIP Code Area","23126","Zip Matches ZCTA"
"23127","Norge","VA","Post Office or large volume customer","23188","Spatial join to ZCTA"
"23128","North","VA","ZIP Code Area","23128","Zip Matches ZCTA"
"23129","Oilville","VA","ZIP Code Area","23129","Zip Matches ZCTA"
"23130","Onemo","VA","ZIP Code Area","23130","Zip Matches ZCTA"
"23131","Ordinary","VA","Post Office or large volume customer","23072","Spatial join to ZCTA"
"23138","Port Haywood","VA","ZIP Code Area","23138","Zip Matches ZCTA"
"23139","Powhatan","VA","ZIP Code Area","23139","Zip Matches ZCTA"
"23140","Providence Forge","VA","ZIP Code Area","23140","Zip Matches ZCTA"
"23141","Quinton","VA","ZIP Code Area","23141","Zip Matches ZCTA"
"23146","Rockville","VA","ZIP Code Area","23146","Zip Matches ZCTA"
"23147","Ruthville","VA","Post Office or large volume customer","23140","Spatial join to ZCTA"
"23148","Saint Stephens Church","VA","ZIP Code Area","23148","Zip Matches ZCTA"
"23149","Saluda","VA","ZIP Code Area","23149","Zip Matches ZCTA"
"23150","Sandston","VA","ZIP Code Area","23150","Zip Matches ZCTA"
"23153","Sandy Hook","VA","ZIP Code Area","23153","Zip Matches ZCTA"
"23154","Schley","VA","Post Office or large volume customer","23061","Spatial join to ZCTA"
"23155","Severn","VA","Post Office or large volume customer","23061","Spatial join to ZCTA"
"23156","Shacklefords","VA","ZIP Code Area","23156","Zip Matches ZCTA"
"23160","State Farm","VA","ZIP Code Area","23160","Zip Matches ZCTA"
"23161","Stevensville","VA","ZIP Code Area","23161","Zip Matches ZCTA"
"23162","Studley","VA","Post Office or large volume customer","23116","Spatial join to ZCTA"
"23163","Susan","VA","ZIP Code Area","23163","Zip Matches ZCTA"
"23168","Toano","VA","ZIP Code Area","23168","Zip Matches ZCTA"
"23169","Topping","VA","ZIP Code Area","23169","Zip Matches ZCTA"
"23170","Trevilians","VA","Post Office or large volume customer","23093","Spatial join to ZCTA"
"23173","Richmond","VA","ZIP Code Area","23173","Zip Matches ZCTA"
"23175","Urbanna","VA","ZIP Code Area","23175","Zip Matches ZCTA"
"23176","Wake","VA","ZIP Code Area","23176","Zip Matches ZCTA"
"23177","Walkerton","VA","ZIP Code Area","23177","Zip Matches ZCTA"
"23178","Ware Neck","VA","Post Office or large volume customer","23061","Spatial join to ZCTA"
"23180","Water View","VA","ZIP Code Area","23180","Zip Matches ZCTA"
"23181","West Point","VA","ZIP Code Area","23181","Zip Matches ZCTA"
"23183","White Marsh","VA","Post Office or large volume customer","23072","Spatial join to ZCTA"
"23184","Wicomico","VA","Post Office or large volume customer","23072","Spatial join to ZCTA"
"23185","Williamsburg","VA","ZIP Code Area","23185","Zip Matches ZCTA"
"23186","Williamsburg","VA","ZIP Code Area","23185","Spatial join to ZCTA"
"23187","Williamsburg","VA","Post Office or large volume customer","23187","Zip Matches ZCTA"
"23188","Williamsburg","VA","ZIP Code Area","23188","Zip Matches ZCTA"
"23190","Woods Cross Roads","VA","Post Office or large volume customer","23061","Spatial join to ZCTA"
"23192","Montpelier","VA","ZIP Code Area","23192","Zip Matches ZCTA"
"23218","Richmond","VA","Post Office or large volume customer","23219","Spatial join to ZCTA"
"23219","Richmond","VA","ZIP Code Area","23219","Zip Matches ZCTA"
"23220","Richmond","VA","ZIP Code Area","23220","Zip Matches ZCTA"
"23221","Richmond","VA","ZIP Code Area","23221","Zip Matches ZCTA"
"23222","Richmond","VA","ZIP Code Area","23222","Zip Matches ZCTA"
"23223","Richmond","VA","ZIP Code Area","23223","Zip Matches ZCTA"
"23224","Richmond","VA","ZIP Code Area","23224","Zip Matches ZCTA"
"23225","Richmond","VA","ZIP Code Area","23225","Zip Matches ZCTA"
"23226","Richmond","VA","ZIP Code Area","23226","Zip Matches ZCTA"
"23227","Richmond","VA","ZIP Code Area","23227","Zip Matches ZCTA"
"23228","Henrico","VA","ZIP Code Area","23228","Zip Matches ZCTA"
"23229","Henrico","VA","ZIP Code Area","23229","Zip Matches ZCTA"
"23230","Richmond","VA","ZIP Code Area","23230","Zip Matches ZCTA"
"23231","Henrico","VA","ZIP Code Area","23231","Zip Matches ZCTA"
"23232","Richmond","VA","Post Office or large volume customer","23220","Spatial join to ZCTA"
"23233","Henrico","VA","ZIP Code Area","23233","Zip Matches ZCTA"
"23234","Richmond","VA","ZIP Code Area","23234","Zip Matches ZCTA"
"23235","Richmond","VA","ZIP Code Area","23235","Zip Matches ZCTA"
"23236","Richmond","VA","ZIP Code Area","23236","Zip Matches ZCTA"
"23237","Richmond","VA","ZIP Code Area","23237","Zip Matches ZCTA"
"23238","Henrico","VA","ZIP Code Area","23238","Zip Matches ZCTA"
"23241","Richmond","VA","Post Office or large volume customer","23219","Spatial join to ZCTA"
"23242","Henrico","VA","Post Office or large volume customer","23238","Spatial join to ZCTA"
"23249","Richmond","VA","Post Office or large volume customer","23224","Spatial join to ZCTA"
"23250","Richmond","VA","ZIP Code Area","23250","Zip Matches ZCTA"
"23255","Henrico","VA","Post Office or large volume customer","23229","Spatial join to ZCTA"
"23260","Richmond","VA","Post Office or large volume customer","23220","Spatial join to ZCTA"
"23261","Richmond","VA","Post Office or large volume customer","23220","Spatial join to ZCTA"
"23269","Richmond","VA","Post Office or large volume customer","23220","Spatial join to ZCTA"
"23273","Henrico","VA","Post Office or large volume customer","23228","Spatial join to ZCTA"
"23274","Richmond","VA","Post Office or large volume customer","23219","Spatial join to ZCTA"
"23276","Richmond","VA","Post Office or large volume customer","23220","Spatial join to ZCTA"
"23278","Richmond","VA","Post Office or large volume customer","23220","Spatial join to ZCTA"
"23279","Richmond","VA","Post Office or large volume customer","23230","Spatial join to ZCTA"
"23282","Richmond","VA","Post Office or large volume customer","23220","Spatial join to ZCTA"
"23284","Richmond","VA","Post Office or large volume customer","23220","Spatial join to ZCTA"
"23285","Richmond","VA","Post Office or large volume customer","23220","Spatial join to ZCTA"
"23286","Richmond","VA","Post Office or large volume customer","23220","Spatial join to ZCTA"
"23288","Henrico","VA","Post Office or large volume customer","23229","Spatial join to ZCTA"
"23289","Richmond","VA","Post Office or large volume customer","23294","Spatial join to ZCTA"
"23290","Richmond","VA","Post Office or large volume customer","23220","Spatial join to ZCTA"
"23291","Richmond","VA","Post Office or large volume customer","23219","Spatial join to ZCTA"
"23292","Richmond","VA","Post Office or large volume customer","23219","Spatial join to ZCTA"
"23293","Richmond","VA","Post Office or large volume customer","23219","Spatial join to ZCTA"
"23294","Henrico","VA","ZIP Code Area","23294","Zip Matches ZCTA"
"23295","Richmond","VA","Post Office or large volume customer","23230","Spatial join to ZCTA"
"23297","Richmond","VA","Post Office or large volume customer","23237","Spatial join to ZCTA"
"23298","Richmond","VA","ZIP Code Area","23219","Spatial join to ZCTA"
"23301","Accomac","VA","ZIP Code Area","23301","Zip Matches ZCTA"
"23302","Assawoman","VA","ZIP Code Area","23302","Zip Matches ZCTA"
"23303","Atlantic","VA","ZIP Code Area","23303","Zip Matches ZCTA"
"23304","Battery Park","VA","Post Office or large volume customer","23304","Zip Matches ZCTA"
"23306","Belle Haven","VA","ZIP Code Area","23306","Zip Matches ZCTA"
"23307","Birdsnest","VA","ZIP Code Area","23307","Zip Matches ZCTA"
"23308","Bloxom","VA","ZIP Code Area","23308","Zip Matches ZCTA"
"23310","Cape Charles","VA","ZIP Code Area","23310","Zip Matches ZCTA"
"23313","Capeville","VA","Post Office or large volume customer","23313","Zip Matches ZCTA"
"23314","Carrollton","VA","ZIP Code Area","23314","Zip Matches ZCTA"
"23315","Carrsville","VA","ZIP Code Area","23315","Zip Matches ZCTA"
"23316","Cheriton","VA","Post Office or large volume customer","23316","Zip Matches ZCTA"
"23320","Chesapeake","VA","ZIP Code Area","23320","Zip Matches ZCTA"
"23321","Chesapeake","VA","ZIP Code Area","23321","Zip Matches ZCTA"
"23322","Chesapeake","VA","ZIP Code Area","23322","Zip Matches ZCTA"
"23323","Chesapeake","VA","ZIP Code Area","23323","Zip Matches ZCTA"
"23324","Chesapeake","VA","ZIP Code Area","23324","Zip Matches ZCTA"
"23325","Chesapeake","VA","ZIP Code Area","23325","Zip Matches ZCTA"
"23326","Chesapeake","VA","Post Office or large volume customer","23320","Spatial join to ZCTA"
"23327","Chesapeake","VA","Post Office or large volume customer","23320","Spatial join to ZCTA"
"23328","Chesapeake","VA","Post Office or large volume customer","23322","Spatial join to ZCTA"
"23336","Chincoteague Island","VA","ZIP Code Area","23336","Zip Matches ZCTA"
"23337","Wallops Island","VA","ZIP Code Area","23337","Zip Matches ZCTA"
"23341","Craddockville","VA","Post Office or large volume customer","23306","Spatial join to ZCTA"
"23345","Davis Wharf","VA","Post Office or large volume customer","23306","Spatial join to ZCTA"
"23347","Eastville","VA","Post Office or large volume customer","23347","Zip Matches ZCTA"
"23350","Exmore","VA","ZIP Code Area","23350","Zip Matches ZCTA"
"23354","Franktown","VA","ZIP Code Area","23354","Zip Matches ZCTA"
"23356","Greenbackville","VA","ZIP Code Area","23356","Zip Matches ZCTA"
"23357","Greenbush","VA","ZIP Code Area","23357","Zip Matches ZCTA"
"23358","Hacksneck","VA","ZIP Code Area","23358","Zip Matches ZCTA"
"23359","Hallwood","VA","ZIP Code Area","23359","Zip Matches ZCTA"
"23389","Harborton","VA","Post Office or large volume customer","23389","Zip Matches ZCTA"
"23395","Horntown","VA","ZIP Code Area","23395","Zip Matches ZCTA"
"23396","Oak Hall","VA","Post Office or large volume customer","23416","Spatial join to ZCTA"
"23397","Isle of Wight","VA","Post Office or large volume customer","23487","Spatial join to ZCTA"
"23398","Jamesville","VA","Post Office or large volume customer","23398","Zip Matches ZCTA"
"23399","Jenkins Bridge","VA","Post Office or large volume customer","23359","Spatial join to ZCTA"
"23401","Keller","VA","Post Office or large volume customer","23401","Zip Matches ZCTA"
"23404","Locustville","VA","ZIP Code Area","23410","Spatial join to ZCTA"
"23405","Machipongo","VA","ZIP Code Area","23405","Zip Matches ZCTA"
"23407","Mappsville","VA","Post Office or large volume customer","23407","Zip Matches ZCTA"
"23408","Marionville","VA","Post Office or large volume customer","23408","Zip Matches ZCTA"
"23409","Mears","VA","ZIP Code Area","23409","Zip Matches ZCTA"
"23410","Melfa","VA","ZIP Code Area","23410","Zip Matches ZCTA"
"23412","Modest Town","VA","Post Office or large volume customer","23414","Spatial join to ZCTA"
"23413","Nassawadox","VA","ZIP Code Area","23413","Zip Matches ZCTA"
"23414","Nelsonia","VA","Post Office or large volume customer","23414","Zip Matches ZCTA"
"23415","New Church","VA","ZIP Code Area","23415","Zip Matches ZCTA"
"23416","Oak Hall","VA","ZIP Code Area","23416","Zip Matches ZCTA"
"23417","Onancock","VA","ZIP Code Area","23417","Zip Matches ZCTA"
"23418","Onley","VA","ZIP Code Area","23418","Zip Matches ZCTA"
"23419","Oyster","VA","Post Office or large volume customer","23310","Spatial join to ZCTA"
"23420","Painter","VA","ZIP Code Area","23420","Zip Matches ZCTA"
"23421","Parksley","VA","ZIP Code Area","23421","Zip Matches ZCTA"
"23422","Pungoteague","VA","Post Office or large volume customer","23422","Zip Matches ZCTA"
"23423","Quinby","VA","Post Office or large volume customer","23423","Zip Matches ZCTA"
"23424","Rescue","VA","Post Office or large volume customer","23314","Spatial join to ZCTA"
"23426","Sanford","VA","ZIP Code Area","23426","Zip Matches ZCTA"
"23427","Saxis","VA","Post Office or large volume customer","23427","Zip Matches ZCTA"
"23429","Seaview","VA","Post Office or large volume customer","23310","Spatial join to ZCTA"
"23430","Smithfield","VA","ZIP Code Area","23430","Zip Matches ZCTA"
"23431","Smithfield","VA","Post Office or large volume customer","23430","Spatial join to ZCTA"
"23432","Suffolk","VA","ZIP Code Area","23432","Zip Matches ZCTA"
"23433","Suffolk","VA","ZIP Code Area","23433","Zip Matches ZCTA"
"23434","Suffolk","VA","ZIP Code Area","23434","Zip Matches ZCTA"
"23435","Suffolk","VA","ZIP Code Area","23435","Zip Matches ZCTA"
"23436","Suffolk","VA","ZIP Code Area","23436","Zip Matches ZCTA"
"23437","Suffolk","VA","ZIP Code Area","23437","Zip Matches ZCTA"
"23438","Suffolk","VA","ZIP Code Area","23438","Zip Matches ZCTA"
"23439","Suffolk","VA","Post Office or large volume customer","23434","Spatial join to ZCTA"
"23440","Tangier","VA","ZIP Code Area","23440","Zip Matches ZCTA"
"23441","Tasley","VA","Post Office or large volume customer","23441","Zip Matches ZCTA"
"23442","Temperanceville","VA","ZIP Code Area","23442","Zip Matches ZCTA"
"23443","Townsend","VA","Post Office or large volume customer","23310","Spatial join to ZCTA"
"23450","Virginia Beach","VA","Post Office or large volume customer","23452","Spatial join to ZCTA"
"23451","Virginia Beach","VA","ZIP Code Area","23451","Zip Matches ZCTA"
"23452","Virginia Beach","VA","ZIP Code Area","23452","Zip Matches ZCTA"
"23453","Virginia Beach","VA","ZIP Code Area","23453","Zip Matches ZCTA"
"23454","Virginia Beach","VA","ZIP Code Area","23454","Zip Matches ZCTA"
"23455","Virginia Beach","VA","ZIP Code Area","23455","Zip Matches ZCTA"
"23456","Virginia Beach","VA","ZIP Code Area","23456","Zip Matches ZCTA"
"23457","Virginia Beach","VA","ZIP Code Area","23457","Zip Matches ZCTA"
"23458","Virginia Beach","VA","Post Office or large volume customer","23451","Spatial join to ZCTA"
"23459","Virginia Beach","VA","ZIP Code Area","23459","Zip Matches ZCTA"
"23460","Virginia Beach","VA","ZIP Code Area","23460","Zip Matches ZCTA"
"23461","Virginia Beach","VA","ZIP Code Area","23461","Zip Matches ZCTA"
"23462","Virginia Beach","VA","ZIP Code Area","23462","Zip Matches ZCTA"
"23463","Virginia Beach","VA","ZIP Code Area","23464","Spatial join to ZCTA"
"23464","Virginia Beach","VA","ZIP Code Area","23464","Zip Matches ZCTA"
"23465","Virginia Beach","VA","Post Office or large volume customer","23464","Spatial join to ZCTA"
"23466","Virginia Beach","VA","Post Office or large volume customer","23462","Spatial join to ZCTA"
"23467","Virginia Beach","VA","Post Office or large volume customer","23464","Spatial join to ZCTA"
"23471","Virginia Beach","VA","Post Office or large volume customer","23455","Spatial join to ZCTA"
"23479","Virginia Beach","VA","Post Office or large volume customer","23454","Spatial join to ZCTA"
"23480","Wachapreague","VA","Post Office or large volume customer","23480","Zip Matches ZCTA"
"23482","Wardtown","VA","Post Office or large volume customer","23350","Spatial join to ZCTA"
"23483","Wattsville","VA","Post Office or large volume customer","23303","Spatial join to ZCTA"
"23486","Willis Wharf","VA","Post Office or large volume customer","23486","Zip Matches ZCTA"
"23487","Windsor","VA","ZIP Code Area","23487","Zip Matches ZCTA"
"23488","Withams","VA","Post Office or large volume customer","23488","Zip Matches ZCTA"
"23501","Norfolk","VA","Post Office or large volume customer","23504","Spatial join to ZCTA"
"23502","Norfolk","VA","ZIP Code Area","23502","Zip Matches ZCTA"
"23503","Norfolk","VA","ZIP Code Area","23503","Zip Matches ZCTA"
"23504","Norfolk","VA","ZIP Code Area","23504","Zip Matches ZCTA"
"23505","Norfolk","VA","ZIP Code Area","23505","Zip Matches ZCTA"
"23506","Norfolk","VA","Post Office or large volume customer","23502","Spatial join to ZCTA"
"23507","Norfolk","VA","ZIP Code Area","23507","Zip Matches ZCTA"
"23508","Norfolk","VA","ZIP Code Area","23508","Zip Matches ZCTA"
"23509","Norfolk","VA","ZIP Code Area","23509","Zip Matches ZCTA"
"23510","Norfolk","VA","ZIP Code Area","23510","Zip Matches ZCTA"
"23511","Norfolk","VA","ZIP Code Area","23511","Zip Matches ZCTA"
"23513","Norfolk","VA","ZIP Code Area","23513","Zip Matches ZCTA"
"23514","Norfolk","VA","Post Office or large volume customer","23510","Spatial join to ZCTA"
"23515","Norfolk","VA","Post Office or large volume customer","23505","Spatial join to ZCTA"
"23517","Norfolk","VA","ZIP Code Area","23517","Zip Matches ZCTA"
"23518","Norfolk","VA","ZIP Code Area","23518","Zip Matches ZCTA"
"23519","Norfolk","VA","Post Office or large volume customer","23518","Spatial join to ZCTA"
"23523","Norfolk","VA","ZIP Code Area","23523","Zip Matches ZCTA"
"23529","Norfolk","VA","ZIP Code Area","23508","Spatial join to ZCTA"
"23541","Norfolk","VA","Post Office or large volume customer","23502","Spatial join to ZCTA"
"23551","Norfolk","VA","ZIP Code Area","23551","Zip Matches ZCTA"
"23601","Newport News","VA","ZIP Code Area","23601","Zip Matches ZCTA"
"23602","Newport News","VA","ZIP Code Area","23602","Zip Matches ZCTA"
"23603","Newport News","VA","ZIP Code Area","23603","Zip Matches ZCTA"
"23604","Fort Eustis","VA","ZIP Code Area","23604","Zip Matches ZCTA"
"23605","Newport News","VA","ZIP Code Area","23605","Zip Matches ZCTA"
"23606","Newport News","VA","ZIP Code Area","23606","Zip Matches ZCTA"
"23607","Newport News","VA","ZIP Code Area","23607","Zip Matches ZCTA"
"23608","Newport News","VA","ZIP Code Area","23608","Zip Matches ZCTA"
"23609","Newport News","VA","Post Office or large volume customer","23602","Spatial join to ZCTA"
"23612","Newport News","VA","Post Office or large volume customer","23606","Spatial join to ZCTA"
"23628","Newport News","VA","Post Office or large volume customer","23604","Spatial join to ZCTA"
"23630","Hampton","VA","Post Office or large volume customer","23661","Spatial join to ZCTA"
"23651","Fort Monroe","VA","ZIP Code Area","23651","Zip Matches ZCTA"
"23661","Hampton","VA","ZIP Code Area","23661","Zip Matches ZCTA"
"23662","Poquoson","VA","ZIP Code Area","23662","Zip Matches ZCTA"
"23663","Hampton","VA","ZIP Code Area","23663","Zip Matches ZCTA"
"23664","Hampton","VA","ZIP Code Area","23664","Zip Matches ZCTA"
"23665","Hampton","VA","ZIP Code Area","23665","Zip Matches ZCTA"
"23666","Hampton","VA","ZIP Code Area","23666","Zip Matches ZCTA"
"23667","Hampton","VA","Post Office or large volume customer","23669","Spatial join to ZCTA"
"23668","Hampton","VA","ZIP Code Area","23669","Spatial join to ZCTA"
"23669","Hampton","VA","ZIP Code Area","23669","Zip Matches ZCTA"
"23670","Hampton","VA","Post Office or large volume customer","23661","Spatial join to ZCTA"
"23681","Hampton","VA","ZIP Code Area","23666","Spatial join to ZCTA"
"23690","Yorktown","VA","ZIP Code Area","23690","Zip Matches ZCTA"
"23691","Yorktown","VA","Post Office or large volume customer","23691","Zip Matches ZCTA"
"23692","Yorktown","VA","ZIP Code Area","23692","Zip Matches ZCTA"
"23693","Yorktown","VA","ZIP Code Area","23693","Zip Matches ZCTA"
"23694","Lackey","VA","Post Office or large volume customer","23690","Spatial join to ZCTA"
"23696","Seaford","VA","ZIP Code Area","23696","Zip Matches ZCTA"
"23701","Portsmouth","VA","ZIP Code Area","23701","Zip Matches ZCTA"
"23702","Portsmouth","VA","ZIP Code Area","23702","Zip Matches ZCTA"
"23703","Portsmouth","VA","ZIP Code Area","23703","Zip Matches ZCTA"
"23704","Portsmouth","VA","ZIP Code Area","23704","Zip Matches ZCTA"
"23705","Portsmouth","VA","Post Office or large volume customer","23704","Spatial join to ZCTA"
"23707","Portsmouth","VA","ZIP Code Area","23707","Zip Matches ZCTA"
"23708","Portsmouth","VA","ZIP Code Area","23708","Zip Matches ZCTA"
"23709","Portsmouth","VA","ZIP Code Area","23709","Zip Matches ZCTA"
"23801","Fort Lee","VA","ZIP Code Area","23801","Zip Matches ZCTA"
"23803","Petersburg","VA","ZIP Code Area","23803","Zip Matches ZCTA"
"23804","Petersburg","VA","Post Office or large volume customer","23803","Spatial join to ZCTA"
"23805","Petersburg","VA","ZIP Code Area","23805","Zip Matches ZCTA"
"23806","Virginia State University","VA","ZIP Code Area","23806","Zip Matches ZCTA"
"23821","Alberta","VA","ZIP Code Area","23821","Zip Matches ZCTA"
"23822","Ammon","VA","Post Office or large volume customer","23850","Spatial join to ZCTA"
"23824","Blackstone","VA","ZIP Code Area","23824","Zip Matches ZCTA"
"23827","Boykins","VA","ZIP Code Area","23827","Zip Matches ZCTA"
"23828","Branchville","VA","ZIP Code Area","23828","Zip Matches ZCTA"
"23829","Capron","VA","ZIP Code Area","23829","Zip Matches ZCTA"
"23830","Carson","VA","ZIP Code Area","23830","Zip Matches ZCTA"
"23831","Chester","VA","ZIP Code Area","23831","Zip Matches ZCTA"
"23832","Chesterfield","VA","ZIP Code Area","23832","Zip Matches ZCTA"
"23833","Church Road","VA","ZIP Code Area","23833","Zip Matches ZCTA"
"23834","Colonial Heights","VA","ZIP Code Area","23834","Zip Matches ZCTA"
"23836","Chester","VA","ZIP Code Area","23836","Zip Matches ZCTA"
"23837","Courtland","VA","ZIP Code Area","23837","Zip Matches ZCTA"
"23838","Chesterfield","VA","ZIP Code Area","23838","Zip Matches ZCTA"
"23839","Dendron","VA","ZIP Code Area","23839","Zip Matches ZCTA"
"23840","DeWitt","VA","ZIP Code Area","23840","Zip Matches ZCTA"
"23841","Dinwiddie","VA","ZIP Code Area","23841","Zip Matches ZCTA"
"23842","Disputanta","VA","ZIP Code Area","23842","Zip Matches ZCTA"
"23843","Dolphin","VA","ZIP Code Area","23843","Zip Matches ZCTA"
"23844","Drewryville","VA","ZIP Code Area","23844","Zip Matches ZCTA"
"23845","Ebony","VA","ZIP Code Area","23845","Zip Matches ZCTA"
"23846","Elberon","VA","ZIP Code Area","23846","Zip Matches ZCTA"
"23847","Emporia","VA","ZIP Code Area","23847","Zip Matches ZCTA"
"23850","Ford","VA","ZIP Code Area","23850","Zip Matches ZCTA"
"23851","Franklin","VA","ZIP Code Area","23851","Zip Matches ZCTA"
"23856","Freeman","VA","ZIP Code Area","23856","Zip Matches ZCTA"
"23857","Gasburg","VA","ZIP Code Area","23857","Zip Matches ZCTA"
"23860","Hopewell","VA","ZIP Code Area","23860","Zip Matches ZCTA"
"23866","Ivor","VA","ZIP Code Area","23866","Zip Matches ZCTA"
"23867","Jarratt","VA","ZIP Code Area","23867","Zip Matches ZCTA"
"23868","Lawrenceville","VA","ZIP Code Area","23868","Zip Matches ZCTA"
"23870","Jarratt","VA","Post Office or large volume customer","23847","Spatial join to ZCTA"
"23872","Mc Kenney","VA","ZIP Code Area","23872","Zip Matches ZCTA"
"23873","Meredithville","VA","Post Office or large volume customer","23920","Spatial join to ZCTA"
"23874","Newsoms","VA","ZIP Code Area","23874","Zip Matches ZCTA"
"23875","Prince George","VA","ZIP Code Area","23875","Zip Matches ZCTA"
"23876","Rawlings","VA","ZIP Code Area","23876","Zip Matches ZCTA"
"23878","Sedley","VA","ZIP Code Area","23878","Zip Matches ZCTA"
"23879","Skippers","VA","ZIP Code Area","23879","Zip Matches ZCTA"
"23881","Spring Grove","VA","ZIP Code Area","23881","Zip Matches ZCTA"
"23882","Stony Creek","VA","ZIP Code Area","23882","Zip Matches ZCTA"
"23883","Surry","VA","ZIP Code Area","23883","Zip Matches ZCTA"
"23884","Sussex","VA","Post Office or large volume customer","23884","Zip Matches ZCTA"
"23885","Sutherland","VA","ZIP Code Area","23885","Zip Matches ZCTA"
"23887","Valentines","VA","ZIP Code Area","23887","Zip Matches ZCTA"
"23888","Wakefield","VA","ZIP Code Area","23888","Zip Matches ZCTA"
"23889","Warfield","VA","ZIP Code Area","23889","Zip Matches ZCTA"
"23890","Waverly","VA","ZIP Code Area","23890","Zip Matches ZCTA"
"23891","Waverly","VA","Post Office or large volume customer","23891","Zip Matches ZCTA"
"23893","White Plains","VA","ZIP Code Area","23893","Zip Matches ZCTA"
"23894","Wilsons","VA","ZIP Code Area","23894","Zip Matches ZCTA"
"23897","Yale","VA","ZIP Code Area","23897","Zip Matches ZCTA"
"23898","Zuni","VA","ZIP Code Area","23898","Zip Matches ZCTA"
"23899","Claremont","VA","Post Office or large volume customer","23899","Zip Matches ZCTA"
"23901","Farmville","VA","ZIP Code Area","23901","Zip Matches ZCTA"
"23909","Farmville","VA","ZIP Code Area","23909","Zip Matches ZCTA"
"23915","Baskerville","VA","ZIP Code Area","23915","Zip Matches ZCTA"
"23917","Boydton","VA","ZIP Code Area","23917","Zip Matches ZCTA"
"23919","Bracey","VA","ZIP Code Area","23919","Zip Matches ZCTA"
"23920","Brodnax","VA","ZIP Code Area","23920","Zip Matches ZCTA"
"23921","Buckingham","VA","ZIP Code Area","23921","Zip Matches ZCTA"
"23922","Burkeville","VA","ZIP Code Area","23922","Zip Matches ZCTA"
"23923","Charlotte Court House","VA","ZIP Code Area","23923","Zip Matches ZCTA"
"23924","Chase City","VA","ZIP Code Area","23924","Zip Matches ZCTA"
"23927","Clarksville","VA","ZIP Code Area","23927","Zip Matches ZCTA"
"23930","Crewe","VA","ZIP Code Area","23930","Zip Matches ZCTA"
"23934","Cullen","VA","ZIP Code Area","23934","Zip Matches ZCTA"
"23936","Dillwyn","VA","ZIP Code Area","23936","Zip Matches ZCTA"
"23937","Drakes Branch","VA","ZIP Code Area","23937","Zip Matches ZCTA"
"23938","Dundas","VA","ZIP Code Area","23938","Zip Matches ZCTA"
"23939","Evergreen","VA","Post Office or large volume customer","23958","Spatial join to ZCTA"
"23941","Fort Mitchell","VA","Post Office or large volume customer","23924","Spatial join to ZCTA"
"23942","Green Bay","VA","ZIP Code Area","23942","Zip Matches ZCTA"
"23943","Hampden Sydney","VA","Post Office or large volume customer","23943","Zip Matches ZCTA"
"23944","Kenbridge","VA","ZIP Code Area","23944","Zip Matches ZCTA"
"23947","Keysville","VA","ZIP Code Area","23947","Zip Matches ZCTA"
"23950","La Crosse","VA","ZIP Code Area","23950","Zip Matches ZCTA"
"23952","Lunenburg","VA","ZIP Code Area","23952","Zip Matches ZCTA"
"23954","Meherrin","VA","ZIP Code Area","23954","Zip Matches ZCTA"
"23955","Nottoway","VA","Post Office or large volume customer","23930","Spatial join to ZCTA"
"23958","Pamplin","VA","ZIP Code Area","23958","Zip Matches ZCTA"
"23959","Phenix","VA","ZIP Code Area","23959","Zip Matches ZCTA"
"23960","Prospect","VA","ZIP Code Area","23960","Zip Matches ZCTA"
"23962","Randolph","VA","ZIP Code Area","23962","Zip Matches ZCTA"
"23963","Red House","VA","ZIP Code Area","23963","Zip Matches ZCTA"
"23964","Red Oak","VA","ZIP Code Area","23964","Zip Matches ZCTA"
"23966","Rice","VA","ZIP Code Area","23966","Zip Matches ZCTA"
"23967","Saxe","VA","ZIP Code Area","23967","Zip Matches ZCTA"
"23968","Skipwith","VA","ZIP Code Area","23968","Zip Matches ZCTA"
"23970","South Hill","VA","ZIP Code Area","23970","Zip Matches ZCTA"
"23974","Victoria","VA","ZIP Code Area","23974","Zip Matches ZCTA"
"23976","Wylliesburg","VA","ZIP Code Area","23976","Zip Matches ZCTA"
"24001","Roanoke","VA","Post Office or large volume customer","24011","Spatial join to ZCTA"
"24002","Roanoke","VA","Post Office or large volume customer","24011","Spatial join to ZCTA"
"24003","Roanoke","VA","Post Office or large volume customer","24011","Spatial join to ZCTA"
"24004","Roanoke","VA","Post Office or large volume customer","24011","Spatial join to ZCTA"
"24005","Roanoke","VA","Post Office or large volume customer","24011","Spatial join to ZCTA"
"24006","Roanoke","VA","Post Office or large volume customer","24011","Spatial join to ZCTA"
"24007","Roanoke","VA","Post Office or large volume customer","24011","Spatial join to ZCTA"
"24008","Roanoke","VA","Post Office or large volume customer","24011","Spatial join to ZCTA"
"24009","Roanoke","VA","Post Office or large volume customer","24011","Spatial join to ZCTA"
"24010","Roanoke","VA","Post Office or large volume customer","24011","Spatial join to ZCTA"
"24011","Roanoke","VA","ZIP Code Area","24011","Zip Matches ZCTA"
"24012","Roanoke","VA","ZIP Code Area","24012","Zip Matches ZCTA"
"24013","Roanoke","VA","ZIP Code Area","24013","Zip Matches ZCTA"
"24014","Roanoke","VA","ZIP Code Area","24014","Zip Matches ZCTA"
"24015","Roanoke","VA","ZIP Code Area","24015","Zip Matches ZCTA"
"24016","Roanoke","VA","ZIP Code Area","24016","Zip Matches ZCTA"
"24017","Roanoke","VA","ZIP Code Area","24017","Zip Matches ZCTA"
"24018","Roanoke","VA","ZIP Code Area","24018","Zip Matches ZCTA"
"24019","Roanoke","VA","ZIP Code Area","24019","Zip Matches ZCTA"
"24020","Roanoke","VA","ZIP Code Area","24020","Zip Matches ZCTA"
"24022","Roanoke","VA","Post Office or large volume customer","24016","Spatial join to ZCTA"
"24023","Roanoke","VA","Post Office or large volume customer","24016","Spatial join to ZCTA"
"24024","Roanoke","VA","Post Office or large volume customer","24016","Spatial join to ZCTA"
"24025","Roanoke","VA","Post Office or large volume customer","24016","Spatial join to ZCTA"
"24026","Roanoke","VA","Post Office or large volume customer","24016","Spatial join to ZCTA"
"24027","Roanoke","VA","Post Office or large volume customer","24016","Spatial join to ZCTA"
"24028","Roanoke","VA","Post Office or large volume customer","24016","Spatial join to ZCTA"
"24029","Roanoke","VA","Post Office or large volume customer","24016","Spatial join to ZCTA"
"24030","Roanoke","VA","Post Office or large volume customer","24016","Spatial join to ZCTA"
"24031","Roanoke","VA","Post Office or large volume customer","24016","Spatial join to ZCTA"
"24032","Roanoke","VA","Post Office or large volume customer","24016","Spatial join to ZCTA"
"24033","Roanoke","VA","Post Office or large volume customer","24016","Spatial join to ZCTA"
"24034","Roanoke","VA","Post Office or large volume customer","24016","Spatial join to ZCTA"
"24035","Roanoke","VA","Post Office or large volume customer","24016","Spatial join to ZCTA"
"24036","Roanoke","VA","Post Office or large volume customer","24016","Spatial join to ZCTA"
"24037","Roanoke","VA","Post Office or large volume customer","24016","Spatial join to ZCTA"
"24038","Roanoke","VA","Post Office or large volume customer","24016","Spatial join to ZCTA"
"24040","Roanoke","VA","Post Office or large volume customer","24016","Spatial join to ZCTA"
"24042","Roanoke","VA","Post Office or large volume customer","24011","Spatial join to ZCTA"
"24043","Roanoke","VA","Post Office or large volume customer","24016","Spatial join to ZCTA"
"24050","Roanoke","VA","Post Office or large volume customer","24019","Spatial join to ZCTA"
"24053","Ararat","VA","ZIP Code Area","24053","Zip Matches ZCTA"
"24054","Axton","VA","ZIP Code Area","24054","Zip Matches ZCTA"
"24055","Bassett","VA","ZIP Code Area","24055","Zip Matches ZCTA"
"24058","Belspring","VA","Post Office or large volume customer","24058","Zip Matches ZCTA"
"24059","Bent Mountain","VA","ZIP Code Area","24059","Zip Matches ZCTA"
"24060","Blacksburg","VA","ZIP Code Area","24060","Zip Matches ZCTA"
"24061","Blacksburg","VA","ZIP Code Area","24060","Spatial join to ZCTA"
"24062","Blacksburg","VA","Post Office or large volume customer","24060","Spatial join to ZCTA"
"24063","Blacksburg","VA","Post Office or large volume customer","24060","Spatial join to ZCTA"
"24064","Blue Ridge","VA","ZIP Code Area","24064","Zip Matches ZCTA"
"24065","Boones Mill","VA","ZIP Code Area","24065","Zip Matches ZCTA"
"24066","Buchanan","VA","ZIP Code Area","24066","Zip Matches ZCTA"
"24067","Callaway","VA","ZIP Code Area","24067","Zip Matches ZCTA"
"24068","Christiansburg","VA","Post Office or large volume customer","24073","Spatial join to ZCTA"
"24069","Cascade","VA","ZIP Code Area","24069","Zip Matches ZCTA"
"24070","Catawba","VA","ZIP Code Area","24070","Zip Matches ZCTA"
"24072","Check","VA","ZIP Code Area","24072","Zip Matches ZCTA"
"24073","Christiansburg","VA","ZIP Code Area","24073","Zip Matches ZCTA"
"24076","Claudville","VA","ZIP Code Area","24076","Zip Matches ZCTA"
"24077","Cloverdale","VA","ZIP Code Area","24077","Zip Matches ZCTA"
"24078","Collinsville","VA","ZIP Code Area","24078","Zip Matches ZCTA"
"24079","Copper Hill","VA","ZIP Code Area","24079","Zip Matches ZCTA"
"24082","Critz","VA","ZIP Code Area","24082","Zip Matches ZCTA"
"24083","Daleville","VA","ZIP Code Area","24083","Zip Matches ZCTA"
"24084","Dublin","VA","ZIP Code Area","24084","Zip Matches ZCTA"
"24085","Eagle Rock","VA","ZIP Code Area","24085","Zip Matches ZCTA"
"24086","Eggleston","VA","ZIP Code Area","24086","Zip Matches ZCTA"
"24087","Elliston","VA","ZIP Code Area","24087","Zip Matches ZCTA"
"24088","Ferrum","VA","ZIP Code Area","24088","Zip Matches ZCTA"
"24089","Fieldale","VA","ZIP Code Area","24089","Zip Matches ZCTA"
"24090","Fincastle","VA","ZIP Code Area","24090","Zip Matches ZCTA"
"24091","Floyd","VA","ZIP Code Area","24091","Zip Matches ZCTA"
"24092","Glade Hill","VA","ZIP Code Area","24092","Zip Matches ZCTA"
"24093","Glen Lyn","VA","ZIP Code Area","24093","Zip Matches ZCTA"
"24095","Goodview","VA","ZIP Code Area","24095","Zip Matches ZCTA"
"24101","Hardy","VA","ZIP Code Area","24101","Zip Matches ZCTA"
"24102","Henry","VA","ZIP Code Area","24102","Zip Matches ZCTA"
"24104","Huddleston","VA","ZIP Code Area","24104","Zip Matches ZCTA"
"24105","Indian Valley","VA","ZIP Code Area","24105","Zip Matches ZCTA"
"24111","Mc Coy","VA","Post Office or large volume customer","24060","Spatial join to ZCTA"
"24112","Martinsville","VA","ZIP Code Area","24112","Zip Matches ZCTA"
"24113","Martinsville","VA","Post Office or large volume customer","24112","Spatial join to ZCTA"
"24114","Martinsville","VA","Post Office or large volume customer","24112","Spatial join to ZCTA"
"24115","Martinsville","VA","Post Office or large volume customer","24112","Spatial join to ZCTA"
"24120","Meadows of Dan","VA","ZIP Code Area","24120","Zip Matches ZCTA"
"24121","Moneta","VA","ZIP Code Area","24121","Zip Matches ZCTA"
"24122","Montvale","VA","ZIP Code Area","24122","Zip Matches ZCTA"
"24124","Narrows","VA","ZIP Code Area","24124","Zip Matches ZCTA"
"24126","Newbern","VA","Post Office or large volume customer","24084","Spatial join to ZCTA"
"24127","New Castle","VA","ZIP Code Area","24127","Zip Matches ZCTA"
"24128","Newport","VA","ZIP Code Area","24128","Zip Matches ZCTA"
"24129","New River","VA","Post Office or large volume customer","24142","Spatial join to ZCTA"
"24130","Oriskany","VA","Post Office or large volume customer","24130","Zip Matches ZCTA"
"24131","Paint Bank","VA","ZIP Code Area","24131","Zip Matches ZCTA"
"24132","Parrott","VA","Post Office or large volume customer","24132","Zip Matches ZCTA"
"24133","Patrick Springs","VA","ZIP Code Area","24133","Zip Matches ZCTA"
"24134","Pearisburg","VA","ZIP Code Area","24134","Zip Matches ZCTA"
"24136","Pembroke","VA","ZIP Code Area","24136","Zip Matches ZCTA"
"24137","Penhook","VA","ZIP Code Area","24137","Zip Matches ZCTA"
"24138","Pilot","VA","ZIP Code Area","24138","Zip Matches ZCTA"
"24139","Pittsville","VA","ZIP Code Area","24139","Zip Matches ZCTA"
"24141","Radford","VA","ZIP Code Area","24141","Zip Matches ZCTA"
"24142","Radford","VA","ZIP Code Area","24142","Zip Matches ZCTA"
"24143","Radford","VA","Post Office or large volume customer","24141","Spatial join to ZCTA"
"24146","Redwood","VA","Post Office or large volume customer","24092","Spatial join to ZCTA"
"24147","Rich Creek","VA","ZIP Code Area","24147","Zip Matches ZCTA"
"24148","Ridgeway","VA","ZIP Code Area","24148","Zip Matches ZCTA"
"24149","Riner","VA","ZIP Code Area","24149","Zip Matches ZCTA"
"24150","Ripplemead","VA","ZIP Code Area","24150","Zip Matches ZCTA"
"24151","Rocky Mount","VA","ZIP Code Area","24151","Zip Matches ZCTA"
"24153","Salem","VA","ZIP Code Area","24153","Zip Matches ZCTA"
"24155","Roanoke","VA","Post Office or large volume customer","24019","Spatial join to ZCTA"
"24157","Roanoke","VA","Post Office or large volume customer","24019","Spatial join to ZCTA"
"24161","Sandy Level","VA","ZIP Code Area","24161","Zip Matches ZCTA"
"24162","Shawsville","VA","ZIP Code Area","24162","Zip Matches ZCTA"
"24165","Spencer","VA","ZIP Code Area","24165","Zip Matches ZCTA"
"24167","Staffordsville","VA","ZIP Code Area","24167","Zip Matches ZCTA"
"24168","Stanleytown","VA","ZIP Code Area","24168","Zip Matches ZCTA"
"24171","Stuart","VA","ZIP Code Area","24171","Zip Matches ZCTA"
"24174","Thaxton","VA","ZIP Code Area","24174","Zip Matches ZCTA"
"24175","Troutville","VA","ZIP Code Area","24175","Zip Matches ZCTA"
"24176","Union Hall","VA","ZIP Code Area","24176","Zip Matches ZCTA"
"24177","Vesta","VA","Post Office or large volume customer","24120","Spatial join to ZCTA"
"24178","Villamont","VA","Post Office or large volume customer","24064","Spatial join to ZCTA"
"24179","Vinton","VA","ZIP Code Area","24179","Zip Matches ZCTA"
"24184","Wirtz","VA","ZIP Code Area","24184","Zip Matches ZCTA"
"24185","Woolwine","VA","ZIP Code Area","24185","Zip Matches ZCTA"
"24201","Bristol","VA","ZIP Code Area","24201","Zip Matches ZCTA"
"24202","Bristol","VA","ZIP Code Area","24202","Zip Matches ZCTA"
"24203","Bristol","VA","Post Office or large volume customer","24201","Spatial join to ZCTA"
"24205","Bristol","VA","Post Office or large volume customer","24201","Spatial join to ZCTA"
"24209","Bristol","VA","Post Office or large volume customer","24201","Spatial join to ZCTA"
"24210","Abingdon","VA","ZIP Code Area","24210","Zip Matches ZCTA"
"24211","Abingdon","VA","ZIP Code Area","24211","Zip Matches ZCTA"
"24212","Abingdon","VA","Post Office or large volume customer","24210","Spatial join to ZCTA"
"24215","Andover","VA","Post Office or large volume customer","24216","Spatial join to ZCTA"
"24216","Appalachia","VA","ZIP Code Area","24216","Zip Matches ZCTA"
"24217","Bee","VA","ZIP Code Area","24217","Zip Matches ZCTA"
"24218","Ben Hur","VA","Post Office or large volume customer","24277","Spatial join to ZCTA"
"24219","Big Stone Gap","VA","ZIP Code Area","24219","Zip Matches ZCTA"
"24220","Birchleaf","VA","ZIP Code Area","24220","Zip Matches ZCTA"
"24221","Blackwater","VA","ZIP Code Area","24221","Zip Matches ZCTA"
"24224","Castlewood","VA","ZIP Code Area","24224","Zip Matches ZCTA"
"24225","Cleveland","VA","ZIP Code Area","24225","Zip Matches ZCTA"
"24226","Clinchco","VA","ZIP Code Area","24226","Zip Matches ZCTA"
"24228","Clintwood","VA","ZIP Code Area","24228","Zip Matches ZCTA"
"24230","Coeburn","VA","ZIP Code Area","24230","Zip Matches ZCTA"
"24236","Damascus","VA","ZIP Code Area","24236","Zip Matches ZCTA"
"24237","Dante","VA","ZIP Code Area","24237","Zip Matches ZCTA"
"24239","Davenport","VA","ZIP Code Area","24239","Zip Matches ZCTA"
"24243","Dryden","VA","ZIP Code Area","24243","Zip Matches ZCTA"
"24244","Duffield","VA","ZIP Code Area","24244","Zip Matches ZCTA"
"24245","Dungannon","VA","ZIP Code Area","24245","Zip Matches ZCTA"
"24246","East Stone Gap","VA","Post Office or large volume customer","24246","Zip Matches ZCTA"
"24248","Ewing","VA","ZIP Code Area","24248","Zip Matches ZCTA"
"24250","Fort Blackmore","VA","ZIP Code Area","24250","Zip Matches ZCTA"
"24251","Gate City","VA","ZIP Code Area","24251","Zip Matches ZCTA"
"24256","Haysi","VA","ZIP Code Area","24256","Zip Matches ZCTA"
"24258","Hiltons","VA","ZIP Code Area","24258","Zip Matches ZCTA"
"24260","Honaker","VA","ZIP Code Area","24260","Zip Matches ZCTA"
"24263","Jonesville","VA","ZIP Code Area","24263","Zip Matches ZCTA"
"24265","Keokee","VA","ZIP Code Area","24265","Zip Matches ZCTA"
"24266","Lebanon","VA","ZIP Code Area","24266","Zip Matches ZCTA"
"24269","Mc Clure","VA","ZIP Code Area","24269","Zip Matches ZCTA"
"24270","Mendota","VA","ZIP Code Area","24270","Zip Matches ZCTA"
"24271","Nickelsville","VA","ZIP Code Area","24271","Zip Matches ZCTA"
"24272","Nora","VA","ZIP Code Area","24272","Zip Matches ZCTA"
"24273","Norton","VA","ZIP Code Area","24273","Zip Matches ZCTA"
"24277","Pennington Gap","VA","ZIP Code Area","24277","Zip Matches ZCTA"
"24279","Pound","VA","ZIP Code Area","24279","Zip Matches ZCTA"
"24280","Rosedale","VA","ZIP Code Area","24280","Zip Matches ZCTA"
"24281","Rose Hill","VA","ZIP Code Area","24281","Zip Matches ZCTA"
"24282","Saint Charles","VA","ZIP Code Area","24282","Zip Matches ZCTA"
"24283","Saint Paul","VA","ZIP Code Area","24283","Zip Matches ZCTA"
"24290","Weber City","VA","ZIP Code Area","24290","Zip Matches ZCTA"
"24292","Whitetop","VA","ZIP Code Area","24292","Zip Matches ZCTA"
"24293","Wise","VA","ZIP Code Area","24293","Zip Matches ZCTA"
"24301","Pulaski","VA","ZIP Code Area","24301","Zip Matches ZCTA"
"24311","Atkins","VA","ZIP Code Area","24311","Zip Matches ZCTA"
"24312","Austinville","VA","ZIP Code Area","24312","Zip Matches ZCTA"
"24313","Barren Springs","VA","ZIP Code Area","24313","Zip Matches ZCTA"
"24314","Bastian","VA","ZIP Code Area","24314","Zip Matches ZCTA"
"24315","Bland","VA","ZIP Code Area","24315","Zip Matches ZCTA"
"24316","Broadford","VA","ZIP Code Area","24316","Zip Matches ZCTA"
"24317","Cana","VA","ZIP Code Area","24317","Zip Matches ZCTA"
"24318","Ceres","VA","ZIP Code Area","24318","Zip Matches ZCTA"
"24319","Chilhowie","VA","ZIP Code Area","24319","Zip Matches ZCTA"
"24322","Cripple Creek","VA","ZIP Code Area","24322","Zip Matches ZCTA"
"24323","Crockett","VA","ZIP Code Area","24323","Zip Matches ZCTA"
"24324","Draper","VA","ZIP Code Area","24324","Zip Matches ZCTA"
"24325","Dugspur","VA","ZIP Code Area","24325","Zip Matches ZCTA"
"24326","Elk Creek","VA","ZIP Code Area","24326","Zip Matches ZCTA"
"24327","Emory","VA","Post Office or large volume customer","24361","Spatial join to ZCTA"
"24328","Fancy Gap","VA","ZIP Code Area","24328","Zip Matches ZCTA"
"24330","Fries","VA","ZIP Code Area","24330","Zip Matches ZCTA"
"24333","Galax","VA","ZIP Code Area","24333","Zip Matches ZCTA"
"24340","Glade Spring","VA","ZIP Code Area","24340","Zip Matches ZCTA"
"24343","Hillsville","VA","ZIP Code Area","24343","Zip Matches ZCTA"
"24347","Hiwassee","VA","ZIP Code Area","24347","Zip Matches ZCTA"
"24348","Independence","VA","ZIP Code Area","24348","Zip Matches ZCTA"
"24350","Ivanhoe","VA","ZIP Code Area","24350","Zip Matches ZCTA"
"24351","Lambsburg","VA","ZIP Code Area","24351","Zip Matches ZCTA"
"24352","Laurel Fork","VA","ZIP Code Area","24352","Zip Matches ZCTA"
"24354","Marion","VA","ZIP Code Area","24354","Zip Matches ZCTA"
"24360","Max Meadows","VA","ZIP Code Area","24360","Zip Matches ZCTA"
"24361","Meadowview","VA","ZIP Code Area","24361","Zip Matches ZCTA"
"24363","Mouth of Wilson","VA","ZIP Code Area","24363","Zip Matches ZCTA"
"24366","Rocky Gap","VA","ZIP Code Area","24366","Zip Matches ZCTA"
"24368","Rural Retreat","VA","ZIP Code Area","24368","Zip Matches ZCTA"
"24370","Saltville","VA","ZIP Code Area","24370","Zip Matches ZCTA"
"24374","Speedwell","VA","ZIP Code Area","24374","Zip Matches ZCTA"
"24375","Sugar Grove","VA","ZIP Code Area","24375","Zip Matches ZCTA"
"24377","Tannersville","VA","ZIP Code Area","24377","Zip Matches ZCTA"
"24378","Troutdale","VA","ZIP Code Area","24378","Zip Matches ZCTA"
"24380","Willis","VA","ZIP Code Area","24380","Zip Matches ZCTA"
"24381","Woodlawn","VA","ZIP Code Area","24381","Zip Matches ZCTA"
"24382","Wytheville","VA","ZIP Code Area","24382","Zip Matches ZCTA"
"24401","Staunton","VA","ZIP Code Area","24401","Zip Matches ZCTA"
"24402","Staunton","VA","Post Office or large volume customer","24401","Spatial join to ZCTA"
"24411","Augusta Springs","VA","Post Office or large volume customer","24411","Zip Matches ZCTA"
"24412","Bacova","VA","Post Office or large volume customer","24412","Zip Matches ZCTA"
"24413","Blue Grass","VA","ZIP Code Area","24413","Zip Matches ZCTA"
"24415","Brownsburg","VA","Post Office or large volume customer","24415","Zip Matches ZCTA"
"24416","Buena Vista","VA","ZIP Code Area","24416","Zip Matches ZCTA"
"24421","Churchville","VA","ZIP Code Area","24421","Zip Matches ZCTA"
"24422","Clifton Forge","VA","ZIP Code Area","24422","Zip Matches ZCTA"
"24426","Covington","VA","ZIP Code Area","24426","Zip Matches ZCTA"
"24430","Craigsville","VA","ZIP Code Area","24430","Zip Matches ZCTA"
"24431","Crimora","VA","ZIP Code Area","24431","Zip Matches ZCTA"
"24432","Deerfield","VA","ZIP Code Area","24432","Zip Matches ZCTA"
"24433","Doe Hill","VA","ZIP Code Area","24433","Zip Matches ZCTA"
"24435","Fairfield","VA","ZIP Code Area","24435","Zip Matches ZCTA"
"24437","Fort Defiance","VA","ZIP Code Area","24437","Zip Matches ZCTA"
"24438","Glen Wilton","VA","Post Office or large volume customer","24085","Spatial join to ZCTA"
"24439","Goshen","VA","ZIP Code Area","24439","Zip Matches ZCTA"
"24440","Greenville","VA","ZIP Code Area","24440","Zip Matches ZCTA"
"24441","Grottoes","VA","ZIP Code Area","24441","Zip Matches ZCTA"
"24442","Head Waters","VA","ZIP Code Area","24442","Zip Matches ZCTA"
"24445","Hot Springs","VA","ZIP Code Area","24445","Zip Matches ZCTA"
"24448","Iron Gate","VA","Post Office or large volume customer","24448","Zip Matches ZCTA"
"24450","Lexington","VA","ZIP Code Area","24450","Zip Matches ZCTA"
"24457","Low Moor","VA","Post Office or large volume customer","24457","Zip Matches ZCTA"
"24458","Mc Dowell","VA","ZIP Code Area","24458","Zip Matches ZCTA"
"24459","Middlebrook","VA","ZIP Code Area","24459","Zip Matches ZCTA"
"24460","Millboro","VA","ZIP Code Area","24460","Zip Matches ZCTA"
"24463","Mint Spring","VA","Post Office or large volume customer","24401","Spatial join to ZCTA"
"24464","Montebello","VA","ZIP Code Area","24464","Zip Matches ZCTA"
"24465","Monterey","VA","ZIP Code Area","24465","Zip Matches ZCTA"
"24467","Mount Sidney","VA","ZIP Code Area","24467","Zip Matches ZCTA"
"24468","Mustoe","VA","ZIP Code Area","24465","Spatial join to ZCTA"
"24469","New Hope","VA","Post Office or large volume customer","24437","Spatial join to ZCTA"
"24471","Port Republic","VA","ZIP Code Area","24471","Zip Matches ZCTA"
"24472","Raphine","VA","ZIP Code Area","24472","Zip Matches ZCTA"
"24473","Rockbridge Baths","VA","ZIP Code Area","24473","Zip Matches ZCTA"
"24474","Selma","VA","Post Office or large volume customer","24474","Zip Matches ZCTA"
"24476","Steeles Tavern","VA","ZIP Code Area","24476","Zip Matches ZCTA"
"24477","Stuarts Draft","VA","ZIP Code Area","24477","Zip Matches ZCTA"
"24479","Swoope","VA","ZIP Code Area","24479","Zip Matches ZCTA"
"24482","Verona","VA","ZIP Code Area","24482","Zip Matches ZCTA"
"24483","Vesuvius","VA","ZIP Code Area","24483","Zip Matches ZCTA"
"24484","Warm Springs","VA","ZIP Code Area","24484","Zip Matches ZCTA"
"24485","West Augusta","VA","ZIP Code Area","24485","Zip Matches ZCTA"
"24486","Weyers Cave","VA","ZIP Code Area","24486","Zip Matches ZCTA"
"24487","Williamsville","VA","ZIP Code Area","24487","Zip Matches ZCTA"
"24501","Lynchburg","VA","ZIP Code Area","24501","Zip Matches ZCTA"
"24502","Lynchburg","VA","ZIP Code Area","24502","Zip Matches ZCTA"
"24503","Lynchburg","VA","ZIP Code Area","24503","Zip Matches ZCTA"
"24504","Lynchburg","VA","ZIP Code Area","24504","Zip Matches ZCTA"
"24505","Lynchburg","VA","Post Office or large volume customer","24501","Spatial join to ZCTA"
"24506","Lynchburg","VA","Post Office or large volume customer","24501","Spatial join to ZCTA"
"24513","Lynchburg","VA","Post Office or large volume customer","24551","Spatial join to ZCTA"
"24514","Lynchburg","VA","Post Office or large volume customer","24502","Spatial join to ZCTA"
"24515","Lynchburg","VA","Post Office or large volume customer","24502","Spatial join to ZCTA"
"24517","Altavista","VA","ZIP Code Area","24517","Zip Matches ZCTA"
"24520","Alton","VA","ZIP Code Area","24520","Zip Matches ZCTA"
"24521","Amherst","VA","ZIP Code Area","24521","Zip Matches ZCTA"
"24522","Appomattox","VA","ZIP Code Area","24522","Zip Matches ZCTA"
"24523","Bedford","VA","ZIP Code Area","24523","Zip Matches ZCTA"
"24526","Big Island","VA","ZIP Code Area","24526","Zip Matches ZCTA"
"24527","Blairs","VA","ZIP Code Area","24527","Zip Matches ZCTA"
"24528","Brookneal","VA","ZIP Code Area","24528","Zip Matches ZCTA"
"24529","Buffalo Junction","VA","ZIP Code Area","24529","Zip Matches ZCTA"
"24530","Callands","VA","ZIP Code Area","24530","Zip Matches ZCTA"
"24531","Chatham","VA","ZIP Code Area","24531","Zip Matches ZCTA"
"24533","Clifford","VA","Post Office or large volume customer","24521","Spatial join to ZCTA"
"24534","Clover","VA","ZIP Code Area","24534","Zip Matches ZCTA"
"24535","Cluster Springs","VA","Post Office or large volume customer","24592","Spatial join to ZCTA"
"24536","Coleman Falls","VA","ZIP Code Area","24536","Zip Matches ZCTA"
"24538","Concord","VA","ZIP Code Area","24538","Zip Matches ZCTA"
"24539","Crystal Hill","VA","ZIP Code Area","24539","Zip Matches ZCTA"
"24540","Danville","VA","ZIP Code Area","24540","Zip Matches ZCTA"
"24541","Danville","VA","ZIP Code Area","24541","Zip Matches ZCTA"
"24543","Danville","VA","Post Office or large volume customer","24541","Spatial join to ZCTA"
"24549","Dry Fork","VA","ZIP Code Area","24549","Zip Matches ZCTA"
"24550","Evington","VA","ZIP Code Area","24550","Zip Matches ZCTA"
"24551","Forest","VA","ZIP Code Area","24551","Zip Matches ZCTA"
"24553","Gladstone","VA","ZIP Code Area","24553","Zip Matches ZCTA"
"24554","Gladys","VA","ZIP Code Area","24554","Zip Matches ZCTA"
"24555","Glasgow","VA","ZIP Code Area","24555","Zip Matches ZCTA"
"24556","Goode","VA","ZIP Code Area","24556","Zip Matches ZCTA"
"24557","Gretna","VA","ZIP Code Area","24557","Zip Matches ZCTA"
"24558","Halifax","VA","ZIP Code Area","24558","Zip Matches ZCTA"
"24562","Howardsville","VA","ZIP Code Area","24562","Zip Matches ZCTA"
"24563","Hurt","VA","ZIP Code Area","24563","Zip Matches ZCTA"
"24565","Java","VA","ZIP Code Area","24565","Zip Matches ZCTA"
"24566","Keeling","VA","ZIP Code Area","24566","Zip Matches ZCTA"
"24569","Long Island","VA","ZIP Code Area","24569","Zip Matches ZCTA"
"24570","Lowry","VA","ZIP Code Area","24570","Zip Matches ZCTA"
"24571","Lynch Station","VA","ZIP Code Area","24571","Zip Matches ZCTA"
"24572","Madison Heights","VA","ZIP Code Area","24572","Zip Matches ZCTA"
"24574","Monroe","VA","ZIP Code Area","24574","Zip Matches ZCTA"
"24576","Naruna","VA","Post Office or large volume customer","24528","Spatial join to ZCTA"
"24577","Nathalie","VA","ZIP Code Area","24577","Zip Matches ZCTA"
"24578","Natural Bridge","VA","ZIP Code Area","24578","Zip Matches ZCTA"
"24579","Natural Bridge Station","VA","ZIP Code Area","24579","Zip Matches ZCTA"
"24580","Nelson","VA","ZIP Code Area","24580","Zip Matches ZCTA"
"24581","Norwood","VA","Post Office or large volume customer","24581","Zip Matches ZCTA"
"24586","Ringgold","VA","ZIP Code Area","24586","Zip Matches ZCTA"
"24588","Rustburg","VA","ZIP Code Area","24588","Zip Matches ZCTA"
"24589","Scottsburg","VA","ZIP Code Area","24589","Zip Matches ZCTA"
"24590","Scottsville","VA","ZIP Code Area","24590","Zip Matches ZCTA"
"24592","South Boston","VA","ZIP Code Area","24592","Zip Matches ZCTA"
"24593","Spout Spring","VA","ZIP Code Area","24593","Zip Matches ZCTA"
"24594","Sutherlin","VA","ZIP Code Area","24594","Zip Matches ZCTA"
"24595","Sweet Briar","VA","Post Office or large volume customer","24595","Zip Matches ZCTA"
"24597","Vernon Hill","VA","ZIP Code Area","24597","Zip Matches ZCTA"
"24598","Virgilina","VA","ZIP Code Area","24598","Zip Matches ZCTA"
"24599","Wingina","VA","ZIP Code Area","24599","Zip Matches ZCTA"
"24601","Amonate","VA","Post Office or large volume customer","24601","Zip Matches ZCTA"
"24602","Bandy","VA","ZIP Code Area","24602","Zip Matches ZCTA"
"24603","Big Rock","VA","ZIP Code Area","24603","Zip Matches ZCTA"
"24604","Bishop","VA","Post Office or large volume customer","24604","Zip Matches ZCTA"
"24605","Bluefield","VA","ZIP Code Area","24605","Zip Matches ZCTA"
"24606","Boissevain","VA","Post Office or large volume customer","24606","Zip Matches ZCTA"
"24607","Breaks","VA","Post Office or large volume customer","24607","Zip Matches ZCTA"
"24608","Burkes Garden","VA","Post Office or large volume customer","24651","Spatial join to ZCTA"
"24609","Cedar Bluff","VA","ZIP Code Area","24609","Zip Matches ZCTA"
"24612","Doran","VA","Post Office or large volume customer","24612","Zip Matches ZCTA"
"24613","Falls Mills","VA","ZIP Code Area","24613","Zip Matches ZCTA"
"24614","Grundy","VA","ZIP Code Area","24614","Zip Matches ZCTA"
"24619","Horsepen","VA","Post Office or large volume customer","24602","Spatial join to ZCTA"
"24620","Hurley","VA","ZIP Code Area","24620","Zip Matches ZCTA"
"24622","Jewell Ridge","VA","ZIP Code Area","24622","Zip Matches ZCTA"
"24624","Keen Mountain","VA","Post Office or large volume customer","24631","Spatial join to ZCTA"
"24627","Mavisdale","VA","ZIP Code Area","24656","Spatial join to ZCTA"
"24628","Maxie","VA","Post Office or large volume customer","24628","Zip Matches ZCTA"
"24630","North Tazewell","VA","ZIP Code Area","24630","Zip Matches ZCTA"
"24631","Oakwood","VA","ZIP Code Area","24631","Zip Matches ZCTA"
"24634","Pilgrims Knob","VA","ZIP Code Area","24634","Zip Matches ZCTA"
"24635","Pocahontas","VA","Post Office or large volume customer","24635","Zip Matches ZCTA"
"24637","Pounding Mill","VA","ZIP Code Area","24637","Zip Matches ZCTA"
"24639","Raven","VA","ZIP Code Area","24639","Zip Matches ZCTA"
"24640","Red Ash","VA","Post Office or large volume customer","24639","Spatial join to ZCTA"
"24641","Richlands","VA","ZIP Code Area","24641","Zip Matches ZCTA"
"24646","Rowe","VA","ZIP Code Area","24646","Zip Matches ZCTA"
"24647","Shortt Gap","VA","Post Office or large volume customer","24639","Spatial join to ZCTA"
"24649","Swords Creek","VA","ZIP Code Area","24649","Zip Matches ZCTA"
"24651","Tazewell","VA","ZIP Code Area","24651","Zip Matches ZCTA"
"24656","Vansant","VA","ZIP Code Area","24656","Zip Matches ZCTA"
"24657","Whitewood","VA","ZIP Code Area","24657","Zip Matches ZCTA"
"24658","Wolford","VA","Post Office or large volume customer","24620","Spatial join to ZCTA"
